snapshot_date,card_name,spec_id,card_number,variety,pop_10,pop_9,total,gem_rate
2026-07-20,OGN-299 Kai'Sa Daughter of the Void,14804169,299*,Signature Overnumber,244,29,280,0.8714
2026-07-20,OGN-300 Volibear Relentless Storm,14804170,300*,Signature Overnumber,157,13,171,0.9181
2026-07-20,OGN-301 Jinx Loose Cannon,14804171,301*,Signature Overnumber,173,12,187,0.9251
2026-07-20,OGN-302 Darius Hand of Noxus,14804172,302*,Signature Overnumber,153,30,190,0.8053
2026-07-20,OGN-303 Ahri Nine-Tailed Fox,14804173,303*,Signature Overnumber,274,30,308,0.8896
2026-07-20,OGN-304 Lee Sin Blind Monk,14804174,304*,Signature Overnumber,182,37,221,0.8235
2026-07-20,OGN-305 Yasuo Unforgiven,14804175,305*,Signature Overnumber,175,25,202,0.8663
2026-07-20,OGN-306 Leona Radiant Dawn,14804176,306*,Signature Overnumber,130,20,153,0.8497
2026-07-20,OGN-307 Teemo Swift Scout,14804177,307*,Signature Overnumber,181,35,218,0.8303
2026-07-20,OGN-308 Viktor Herald of the Arcane,14804178,308*,Signature Overnumber,158,14,172,0.9186
2026-07-20,OGN-309 Miss Fortune Bounty Hunter,14804179,309*,Signature Overnumber,182,28,213,0.8545
2026-07-20,OGN-310 Sett The Boss,14804180,310*,Signature Overnumber,140,23,164,0.8537
2026-07-20,SFD-223 Vayne Hunter,15332537,223*,Signature Overnumber,236,11,250,0.944
2026-07-20,SFD-224 Aphelios Exalted,15332538,224*,Signature Overnumber,146,16,163,0.8957
2026-07-20,SFD-225 Irelia Fervent,15332539,225*,Signature Overnumber,203,25,231,0.8788
2026-07-20,SFD-227 Ahri Inquisitive,15332540,227*,Signature Overnumber,336,15,359,0.9359
2026-07-20,SFD-228 Bard Mercurial,15332541,228*,Signature Overnumber,115,3,119,0.9664
2026-07-20,SFD-230 Teemo Strategist,15332542,230*,Signature Overnumber,180,12,195,0.9231
2026-07-20,SFD-232 Sett Brawler,15332543,232*,Signature Overnumber,117,19,140,0.8357
2026-07-20,SFD-233 Yone Blademaster,15332544,233*,Signature Overnumber,148,19,171,0.8655
2026-07-20,SFD-235 Yasuo Windrider,15332545,235*,Signature Overnumber,135,15,154,0.8766
2026-07-20,SFD-236 Darius Executioner,15332546,236*,Signature Overnumber,121,11,138,0.8768
2026-07-20,SFD-237 Karma Channeler,15332547,237*,Signature Overnumber,126,8,135,0.9333
2026-07-20,SFD-239 Soraka Wanderer,15332548,239*,Signature Overnumber,177,16,194,0.9124
2026-07-20,UNL-226 Jhin Virtuoso,15951352,226*,Signature Overnumber,7,0,7,1.0
2026-07-20,UNL-227 Rengar Pridestalker,15951353,227*,Signature Overnumber,12,0,12,1.0
2026-07-20,UNL-228 Pyke Bloodharbor Ripper,15951354,228*,Signature Overnumber,16,1,17,0.9412
2026-07-20,UNL-229 Vi Piltover Enforcer,15951355,229*,Signature Overnumber,16,6,22,0.7273
2026-07-20,UNL-230 Lillia Bashful Bloom,15951356,230*,Signature Overnumber,8,0,8,1.0
2026-07-20,UNL-231 Master Yi Wuju Master,15951357,231*,Signature Overnumber,13,0,13,1.0
2026-07-20,UNL-232 Vex Gloomist,15951358,232*,Signature Overnumber,12,1,13,0.9231
2026-07-20,UNL-233 Ivern Green Father,15951359,233*,Signature Overnumber,5,0,5,1.0
2026-07-20,UNL-234 Diana Scorn of the Moon,15951360,234*,Signature Overnumber,27,3,31,0.871
2026-07-20,UNL-235 Leblanc Deceiver,15951361,235*,Signature Overnumber,15,5,20,0.75
2026-07-20,UNL-236 Kha'Zix Voidreaver,15951362,236*,Signature Overnumber,5,0,5,1.0
2026-07-20,UNL-237 Poppy Keeper of the Hammer,15951363,237*,Signature Overnumber,8,0,8,1.0
2026-07-21,OGN-299 Kai'Sa Daughter of the Void,14804169,299*,Signature Overnumber,245,29,281,0.8719
2026-07-21,OGN-300 Volibear Relentless Storm,14804170,300*,Signature Overnumber,159,13,173,0.9191
2026-07-21,OGN-301 Jinx Loose Cannon,14804171,301*,Signature Overnumber,173,13,188,0.9202
2026-07-21,OGN-302 Darius Hand of Noxus,14804172,302*,Signature Overnumber,153,30,190,0.8053
2026-07-21,OGN-303 Ahri Nine-Tailed Fox,14804173,303*,Signature Overnumber,276,31,311,0.8875
2026-07-21,OGN-304 Lee Sin Blind Monk,14804174,304*,Signature Overnumber,183,37,222,0.8243
2026-07-21,OGN-305 Yasuo Unforgiven,14804175,305*,Signature Overnumber,176,25,203,0.867
2026-07-21,OGN-306 Leona Radiant Dawn,14804176,306*,Signature Overnumber,131,20,154,0.8506
2026-07-21,OGN-307 Teemo Swift Scout,14804177,307*,Signature Overnumber,181,35,218,0.8303
2026-07-21,OGN-308 Viktor Herald of the Arcane,14804178,308*,Signature Overnumber,161,14,175,0.92
2026-07-21,OGN-309 Miss Fortune Bounty Hunter,14804179,309*,Signature Overnumber,182,28,213,0.8545
2026-07-21,OGN-310 Sett The Boss,14804180,310*,Signature Overnumber,140,23,164,0.8537
2026-07-21,SFD-223 Vayne Hunter,15332537,223*,Signature Overnumber,237,11,252,0.9405
2026-07-21,SFD-224 Aphelios Exalted,15332538,224*,Signature Overnumber,148,16,165,0.897
2026-07-21,SFD-225 Irelia Fervent,15332539,225*,Signature Overnumber,204,25,232,0.8793
2026-07-21,SFD-227 Ahri Inquisitive,15332540,227*,Signature Overnumber,339,15,363,0.9339
2026-07-21,SFD-228 Bard Mercurial,15332541,228*,Signature Overnumber,116,3,120,0.9667
2026-07-21,SFD-230 Teemo Strategist,15332542,230*,Signature Overnumber,180,13,196,0.9184
2026-07-21,SFD-232 Sett Brawler,15332543,232*,Signature Overnumber,117,19,140,0.8357
2026-07-21,SFD-233 Yone Blademaster,15332544,233*,Signature Overnumber,151,19,174,0.8678
2026-07-21,SFD-235 Yasuo Windrider,15332545,235*,Signature Overnumber,134,15,153,0.8758
2026-07-21,SFD-236 Darius Executioner,15332546,236*,Signature Overnumber,122,11,139,0.8777
2026-07-21,SFD-237 Karma Channeler,15332547,237*,Signature Overnumber,127,8,136,0.9338
2026-07-21,SFD-239 Soraka Wanderer,15332548,239*,Signature Overnumber,178,16,195,0.9128
2026-07-21,UNL-226 Jhin Virtuoso,15951352,226*,Signature Overnumber,7,0,7,1.0
2026-07-21,UNL-227 Rengar Pridestalker,15951353,227*,Signature Overnumber,12,0,12,1.0
2026-07-21,UNL-228 Pyke Bloodharbor Ripper,15951354,228*,Signature Overnumber,18,1,19,0.9474
2026-07-21,UNL-229 Vi Piltover Enforcer,15951355,229*,Signature Overnumber,16,6,22,0.7273
2026-07-21,UNL-230 Lillia Bashful Bloom,15951356,230*,Signature Overnumber,8,0,8,1.0
2026-07-21,UNL-231 Master Yi Wuju Master,15951357,231*,Signature Overnumber,13,0,13,1.0
2026-07-21,UNL-232 Vex Gloomist,15951358,232*,Signature Overnumber,12,1,13,0.9231
2026-07-21,UNL-233 Ivern Green Father,15951359,233*,Signature Overnumber,6,0,6,1.0
2026-07-21,UNL-234 Diana Scorn of the Moon,15951360,234*,Signature Overnumber,28,3,32,0.875
2026-07-21,UNL-235 Leblanc Deceiver,15951361,235*,Signature Overnumber,16,5,21,0.7619
2026-07-21,UNL-236 Kha'Zix Voidreaver,15951362,236*,Signature Overnumber,5,0,5,1.0
2026-07-21,UNL-237 Poppy Keeper of the Hammer,15951363,237*,Signature Overnumber,8,0,8,1.0
2026-07-22,OGN-299 Kai'Sa Daughter of the Void,14804169,299*,Signature Overnumber,246,29,282,0.8723
2026-07-22,OGN-300 Volibear Relentless Storm,14804170,300*,Signature Overnumber,160,13,174,0.9195
2026-07-22,OGN-301 Jinx Loose Cannon,14804171,301*,Signature Overnumber,175,13,190,0.9211
2026-07-22,OGN-302 Darius Hand of Noxus,14804172,302*,Signature Overnumber,153,30,190,0.8053
2026-07-22,OGN-303 Ahri Nine-Tailed Fox,14804173,303*,Signature Overnumber,280,31,315,0.8889
2026-07-22,OGN-304 Lee Sin Blind Monk,14804174,304*,Signature Overnumber,183,37,222,0.8243
2026-07-22,OGN-305 Yasuo Unforgiven,14804175,305*,Signature Overnumber,176,25,203,0.867
2026-07-22,OGN-306 Leona Radiant Dawn,14804176,306*,Signature Overnumber,131,20,154,0.8506
2026-07-22,OGN-307 Teemo Swift Scout,14804177,307*,Signature Overnumber,183,36,221,0.8281
2026-07-22,OGN-308 Viktor Herald of the Arcane,14804178,308*,Signature Overnumber,162,14,176,0.9205
2026-07-22,OGN-309 Miss Fortune Bounty Hunter,14804179,309*,Signature Overnumber,183,28,214,0.8551
2026-07-22,OGN-310 Sett The Boss,14804180,310*,Signature Overnumber,140,23,164,0.8537
2026-07-22,SFD-223 Vayne Hunter,15332537,223*,Signature Overnumber,239,11,254,0.9409
2026-07-22,SFD-224 Aphelios Exalted,15332538,224*,Signature Overnumber,149,17,167,0.8922
2026-07-22,SFD-225 Irelia Fervent,15332539,225*,Signature Overnumber,204,25,232,0.8793
2026-07-22,SFD-227 Ahri Inquisitive,15332540,227*,Signature Overnumber,341,15,365,0.9342
2026-07-22,SFD-228 Bard Mercurial,15332541,228*,Signature Overnumber,116,3,120,0.9667
2026-07-22,SFD-230 Teemo Strategist,15332542,230*,Signature Overnumber,180,13,196,0.9184
2026-07-22,SFD-232 Sett Brawler,15332543,232*,Signature Overnumber,118,19,141,0.8369
2026-07-22,SFD-233 Yone Blademaster,15332544,233*,Signature Overnumber,151,19,174,0.8678
2026-07-22,SFD-235 Yasuo Windrider,15332545,235*,Signature Overnumber,136,15,155,0.8774
2026-07-22,SFD-236 Darius Executioner,15332546,236*,Signature Overnumber,123,11,140,0.8786
2026-07-22,SFD-237 Karma Channeler,15332547,237*,Signature Overnumber,128,8,137,0.9343
2026-07-22,SFD-239 Soraka Wanderer,15332548,239*,Signature Overnumber,178,16,195,0.9128
2026-07-22,UNL-226 Jhin Virtuoso,15951352,226*,Signature Overnumber,7,0,7,1.0
2026-07-22,UNL-227 Rengar Pridestalker,15951353,227*,Signature Overnumber,12,0,12,1.0
2026-07-22,UNL-228 Pyke Bloodharbor Ripper,15951354,228*,Signature Overnumber,20,1,21,0.9524
2026-07-22,UNL-229 Vi Piltover Enforcer,15951355,229*,Signature Overnumber,17,6,23,0.7391
2026-07-22,UNL-230 Lillia Bashful Bloom,15951356,230*,Signature Overnumber,8,0,8,1.0
2026-07-22,UNL-231 Master Yi Wuju Master,15951357,231*,Signature Overnumber,13,0,13,1.0
2026-07-22,UNL-232 Vex Gloomist,15951358,232*,Signature Overnumber,12,1,13,0.9231
2026-07-22,UNL-233 Ivern Green Father,15951359,233*,Signature Overnumber,6,0,6,1.0
2026-07-22,UNL-234 Diana Scorn of the Moon,15951360,234*,Signature Overnumber,28,3,32,0.875
2026-07-22,UNL-235 Leblanc Deceiver,15951361,235*,Signature Overnumber,16,5,21,0.7619
2026-07-22,UNL-236 Kha'Zix Voidreaver,15951362,236*,Signature Overnumber,5,0,5,1.0
2026-07-22,UNL-237 Poppy Keeper of the Hammer,15951363,237*,Signature Overnumber,9,0,9,1.0
2026-07-23,OGN-299 Kai'Sa Daughter of the Void,14804169,299*,Signature Overnumber,246,30,283,0.8693
2026-07-23,OGN-300 Volibear Relentless Storm,14804170,300*,Signature Overnumber,160,13,174,0.9195
2026-07-23,OGN-301 Jinx Loose Cannon,14804171,301*,Signature Overnumber,175,13,190,0.9211
2026-07-23,OGN-302 Darius Hand of Noxus,14804172,302*,Signature Overnumber,154,30,191,0.8063
2026-07-23,OGN-303 Ahri Nine-Tailed Fox,14804173,303*,Signature Overnumber,281,31,316,0.8892
2026-07-23,OGN-304 Lee Sin Blind Monk,14804174,304*,Signature Overnumber,184,38,224,0.8214
2026-07-23,OGN-305 Yasuo Unforgiven,14804175,305*,Signature Overnumber,176,25,203,0.867
2026-07-23,OGN-306 Leona Radiant Dawn,14804176,306*,Signature Overnumber,132,20,155,0.8516
2026-07-23,OGN-307 Teemo Swift Scout,14804177,307*,Signature Overnumber,183,36,221,0.8281
2026-07-23,OGN-308 Viktor Herald of the Arcane,14804178,308*,Signature Overnumber,162,14,176,0.9205
2026-07-23,OGN-309 Miss Fortune Bounty Hunter,14804179,309*,Signature Overnumber,183,28,214,0.8551
2026-07-23,OGN-310 Sett The Boss,14804180,310*,Signature Overnumber,142,23,166,0.8554
2026-07-23,SFD-223 Vayne Hunter,15332537,223*,Signature Overnumber,240,11,255,0.9412
2026-07-23,SFD-224 Aphelios Exalted,15332538,224*,Signature Overnumber,152,18,171,0.8889
2026-07-23,SFD-225 Irelia Fervent,15332539,225*,Signature Overnumber,204,25,232,0.8793
2026-07-23,SFD-227 Ahri Inquisitive,15332540,227*,Signature Overnumber,344,16,369,0.9322
2026-07-23,SFD-228 Bard Mercurial,15332541,228*,Signature Overnumber,117,3,121,0.9669
2026-07-23,SFD-230 Teemo Strategist,15332542,230*,Signature Overnumber,183,13,199,0.9196
2026-07-23,SFD-232 Sett Brawler,15332543,232*,Signature Overnumber,119,19,142,0.838
2026-07-23,SFD-233 Yone Blademaster,15332544,233*,Signature Overnumber,152,19,175,0.8686
2026-07-23,SFD-235 Yasuo Windrider,15332545,235*,Signature Overnumber,137,15,156,0.8782
2026-07-23,SFD-236 Darius Executioner,15332546,236*,Signature Overnumber,126,11,143,0.8811
2026-07-23,SFD-237 Karma Channeler,15332547,237*,Signature Overnumber,131,8,140,0.9357
2026-07-23,SFD-239 Soraka Wanderer,15332548,239*,Signature Overnumber,179,17,197,0.9086
2026-07-23,UNL-226 Jhin Virtuoso,15951352,226*,Signature Overnumber,7,0,7,1.0
2026-07-23,UNL-227 Rengar Pridestalker,15951353,227*,Signature Overnumber,12,0,12,1.0
2026-07-23,UNL-228 Pyke Bloodharbor Ripper,15951354,228*,Signature Overnumber,20,1,21,0.9524
2026-07-23,UNL-229 Vi Piltover Enforcer,15951355,229*,Signature Overnumber,18,6,24,0.75
2026-07-23,UNL-230 Lillia Bashful Bloom,15951356,230*,Signature Overnumber,8,0,8,1.0
2026-07-23,UNL-231 Master Yi Wuju Master,15951357,231*,Signature Overnumber,13,0,13,1.0
2026-07-23,UNL-232 Vex Gloomist,15951358,232*,Signature Overnumber,12,1,13,0.9231
2026-07-23,UNL-233 Ivern Green Father,15951359,233*,Signature Overnumber,6,0,6,1.0
2026-07-23,UNL-234 Diana Scorn of the Moon,15951360,234*,Signature Overnumber,28,3,32,0.875
2026-07-23,UNL-235 Leblanc Deceiver,15951361,235*,Signature Overnumber,17,6,23,0.7391
2026-07-23,UNL-236 Kha'Zix Voidreaver,15951362,236*,Signature Overnumber,6,0,6,1.0
2026-07-23,UNL-237 Poppy Keeper of the Hammer,15951363,237*,Signature Overnumber,9,0,9,1.0
2026-07-24,OGN-299 Kai'Sa Daughter of the Void,14804169,299*,Signature Overnumber,248,30,285,0.8702
2026-07-24,OGN-300 Volibear Relentless Storm,14804170,300*,Signature Overnumber,161,13,175,0.92
2026-07-24,OGN-301 Jinx Loose Cannon,14804171,301*,Signature Overnumber,178,13,193,0.9223
2026-07-24,OGN-302 Darius Hand of Noxus,14804172,302*,Signature Overnumber,156,30,194,0.8041
2026-07-24,OGN-303 Ahri Nine-Tailed Fox,14804173,303*,Signature Overnumber,284,31,319,0.8903
2026-07-24,OGN-304 Lee Sin Blind Monk,14804174,304*,Signature Overnumber,187,38,227,0.8238
2026-07-24,OGN-305 Yasuo Unforgiven,14804175,305*,Signature Overnumber,176,25,203,0.867
2026-07-24,OGN-306 Leona Radiant Dawn,14804176,306*,Signature Overnumber,132,20,155,0.8516
2026-07-24,OGN-307 Teemo Swift Scout,14804177,307*,Signature Overnumber,185,36,223,0.8296
2026-07-24,OGN-308 Viktor Herald of the Arcane,14804178,308*,Signature Overnumber,162,14,176,0.9205
2026-07-24,OGN-309 Miss Fortune Bounty Hunter,14804179,309*,Signature Overnumber,183,28,214,0.8551
2026-07-24,OGN-310 Sett The Boss,14804180,310*,Signature Overnumber,142,23,166,0.8554
2026-07-24,SFD-223 Vayne Hunter,15332537,223*,Signature Overnumber,243,11,258,0.9419
2026-07-24,SFD-224 Aphelios Exalted,15332538,224*,Signature Overnumber,155,18,174,0.8908
2026-07-24,SFD-225 Irelia Fervent,15332539,225*,Signature Overnumber,207,25,235,0.8809
2026-07-24,SFD-227 Ahri Inquisitive,15332540,227*,Signature Overnumber,349,17,375,0.9307
2026-07-24,SFD-228 Bard Mercurial,15332541,228*,Signature Overnumber,118,3,122,0.9672
2026-07-24,SFD-230 Teemo Strategist,15332542,230*,Signature Overnumber,184,13,200,0.92
2026-07-24,SFD-232 Sett Brawler,15332543,232*,Signature Overnumber,122,19,145,0.8414
2026-07-24,SFD-233 Yone Blademaster,15332544,233*,Signature Overnumber,155,19,178,0.8708
2026-07-24,SFD-235 Yasuo Windrider,15332545,235*,Signature Overnumber,139,18,161,0.8634
2026-07-24,SFD-236 Darius Executioner,15332546,236*,Signature Overnumber,126,12,144,0.875
2026-07-24,SFD-237 Karma Channeler,15332547,237*,Signature Overnumber,134,8,143,0.9371
2026-07-24,SFD-239 Soraka Wanderer,15332548,239*,Signature Overnumber,182,17,200,0.91
2026-07-24,UNL-226 Jhin Virtuoso,15951352,226*,Signature Overnumber,7,0,7,1.0
2026-07-24,UNL-227 Rengar Pridestalker,15951353,227*,Signature Overnumber,12,0,12,1.0
2026-07-24,UNL-228 Pyke Bloodharbor Ripper,15951354,228*,Signature Overnumber,20,1,21,0.9524
2026-07-24,UNL-229 Vi Piltover Enforcer,15951355,229*,Signature Overnumber,18,6,24,0.75
2026-07-24,UNL-230 Lillia Bashful Bloom,15951356,230*,Signature Overnumber,8,0,8,1.0
2026-07-24,UNL-231 Master Yi Wuju Master,15951357,231*,Signature Overnumber,13,0,13,1.0
2026-07-24,UNL-232 Vex Gloomist,15951358,232*,Signature Overnumber,12,1,13,0.9231
2026-07-24,UNL-233 Ivern Green Father,15951359,233*,Signature Overnumber,6,0,6,1.0
2026-07-24,UNL-234 Diana Scorn of the Moon,15951360,234*,Signature Overnumber,33,3,37,0.8919
2026-07-24,UNL-235 Leblanc Deceiver,15951361,235*,Signature Overnumber,20,6,26,0.7692
2026-07-24,UNL-236 Kha'Zix Voidreaver,15951362,236*,Signature Overnumber,7,0,7,1.0
2026-07-24,UNL-237 Poppy Keeper of the Hammer,15951363,237*,Signature Overnumber,9,0,9,1.0
2026-07-25,OGN-299 Kai'Sa Daughter of the Void,14804169,299*,Signature Overnumber,250,31,288,0.8681
2026-07-25,OGN-300 Volibear Relentless Storm,14804170,300*,Signature Overnumber,163,13,177,0.9209
2026-07-25,OGN-301 Jinx Loose Cannon,14804171,301*,Signature Overnumber,179,13,194,0.9227
2026-07-25,OGN-302 Darius Hand of Noxus,14804172,302*,Signature Overnumber,157,31,196,0.801
2026-07-25,OGN-303 Ahri Nine-Tailed Fox,14804173,303*,Signature Overnumber,286,31,321,0.891
2026-07-25,OGN-304 Lee Sin Blind Monk,14804174,304*,Signature Overnumber,189,38,229,0.8253
2026-07-25,OGN-305 Yasuo Unforgiven,14804175,305*,Signature Overnumber,178,25,205,0.8683
2026-07-25,OGN-306 Leona Radiant Dawn,14804176,306*,Signature Overnumber,133,20,156,0.8526
2026-07-25,OGN-307 Teemo Swift Scout,14804177,307*,Signature Overnumber,188,36,226,0.8319
2026-07-25,OGN-308 Viktor Herald of the Arcane,14804178,308*,Signature Overnumber,164,15,179,0.9162
2026-07-25,OGN-309 Miss Fortune Bounty Hunter,14804179,309*,Signature Overnumber,185,29,217,0.8525
2026-07-25,OGN-310 Sett The Boss,14804180,310*,Signature Overnumber,145,23,169,0.858
2026-07-25,SFD-223 Vayne Hunter,15332537,223*,Signature Overnumber,243,11,258,0.9419
2026-07-25,SFD-224 Aphelios Exalted,15332538,224*,Signature Overnumber,155,18,174,0.8908
2026-07-25,SFD-225 Irelia Fervent,15332539,225*,Signature Overnumber,210,25,238,0.8824
2026-07-25,SFD-227 Ahri Inquisitive,15332540,227*,Signature Overnumber,354,17,380,0.9316
2026-07-25,SFD-228 Bard Mercurial,15332541,228*,Signature Overnumber,119,3,123,0.9675
2026-07-25,SFD-230 Teemo Strategist,15332542,230*,Signature Overnumber,185,13,201,0.9204
2026-07-25,SFD-232 Sett Brawler,15332543,232*,Signature Overnumber,122,19,145,0.8414
2026-07-25,SFD-233 Yone Blademaster,15332544,233*,Signature Overnumber,157,19,180,0.8722
2026-07-25,SFD-235 Yasuo Windrider,15332545,235*,Signature Overnumber,140,18,162,0.8642
2026-07-25,SFD-236 Darius Executioner,15332546,236*,Signature Overnumber,126,12,144,0.875
2026-07-25,SFD-237 Karma Channeler,15332547,237*,Signature Overnumber,134,8,143,0.9371
2026-07-25,SFD-239 Soraka Wanderer,15332548,239*,Signature Overnumber,184,17,202,0.9109
2026-07-25,UNL-226 Jhin Virtuoso,15951352,226*,Signature Overnumber,7,0,7,1.0
2026-07-25,UNL-227 Rengar Pridestalker,15951353,227*,Signature Overnumber,12,0,12,1.0
2026-07-25,UNL-228 Pyke Bloodharbor Ripper,15951354,228*,Signature Overnumber,20,1,21,0.9524
2026-07-25,UNL-229 Vi Piltover Enforcer,15951355,229*,Signature Overnumber,18,6,24,0.75
2026-07-25,UNL-230 Lillia Bashful Bloom,15951356,230*,Signature Overnumber,9,0,9,1.0
2026-07-25,UNL-231 Master Yi Wuju Master,15951357,231*,Signature Overnumber,13,0,13,1.0
2026-07-25,UNL-232 Vex Gloomist,15951358,232*,Signature Overnumber,12,1,13,0.9231
2026-07-25,UNL-233 Ivern Green Father,15951359,233*,Signature Overnumber,6,0,6,1.0
2026-07-25,UNL-234 Diana Scorn of the Moon,15951360,234*,Signature Overnumber,35,3,39,0.8974
2026-07-25,UNL-235 Leblanc Deceiver,15951361,235*,Signature Overnumber,20,6,26,0.7692
2026-07-25,UNL-236 Kha'Zix Voidreaver,15951362,236*,Signature Overnumber,7,0,7,1.0
2026-07-25,UNL-237 Poppy Keeper of the Hammer,15951363,237*,Signature Overnumber,10,0,10,1.0
2026-07-26,OGN-299 Kai'Sa Daughter of the Void,14804169,299*,Signature Overnumber,251,31,289,0.8685
2026-07-26,OGN-300 Volibear Relentless Storm,14804170,300*,Signature Overnumber,163,13,177,0.9209
2026-07-26,OGN-301 Jinx Loose Cannon,14804171,301*,Signature Overnumber,179,13,194,0.9227
2026-07-26,OGN-302 Darius Hand of Noxus,14804172,302*,Signature Overnumber,157,31,196,0.801
2026-07-26,OGN-303 Ahri Nine-Tailed Fox,14804173,303*,Signature Overnumber,287,31,322,0.8913
2026-07-26,OGN-304 Lee Sin Blind Monk,14804174,304*,Signature Overnumber,189,38,229,0.8253
2026-07-26,OGN-305 Yasuo Unforgiven,14804175,305*,Signature Overnumber,178,25,205,0.8683
2026-07-26,OGN-306 Leona Radiant Dawn,14804176,306*,Signature Overnumber,133,20,156,0.8526
2026-07-26,OGN-307 Teemo Swift Scout,14804177,307*,Signature Overnumber,188,36,226,0.8319
2026-07-26,OGN-308 Viktor Herald of the Arcane,14804178,308*,Signature Overnumber,164,15,179,0.9162
2026-07-26,OGN-309 Miss Fortune Bounty Hunter,14804179,309*,Signature Overnumber,185,29,217,0.8525
2026-07-26,OGN-310 Sett The Boss,14804180,310*,Signature Overnumber,145,23,169,0.858
2026-07-26,SFD-223 Vayne Hunter,15332537,223*,Signature Overnumber,244,11,259,0.9421
2026-07-26,SFD-224 Aphelios Exalted,15332538,224*,Signature Overnumber,155,18,175,0.8857
2026-07-26,SFD-225 Irelia Fervent,15332539,225*,Signature Overnumber,210,25,238,0.8824
2026-07-26,SFD-227 Ahri Inquisitive,15332540,227*,Signature Overnumber,354,18,380,0.9316
2026-07-26,SFD-228 Bard Mercurial,15332541,228*,Signature Overnumber,120,3,124,0.9677
2026-07-26,SFD-230 Teemo Strategist,15332542,230*,Signature Overnumber,185,13,201,0.9204
2026-07-26,SFD-232 Sett Brawler,15332543,232*,Signature Overnumber,122,19,145,0.8414
2026-07-26,SFD-233 Yone Blademaster,15332544,233*,Signature Overnumber,157,19,180,0.8722
2026-07-26,SFD-235 Yasuo Windrider,15332545,235*,Signature Overnumber,140,18,162,0.8642
2026-07-26,SFD-236 Darius Executioner,15332546,236*,Signature Overnumber,127,12,145,0.8759
2026-07-26,SFD-237 Karma Channeler,15332547,237*,Signature Overnumber,134,8,143,0.9371
2026-07-26,SFD-239 Soraka Wanderer,15332548,239*,Signature Overnumber,184,17,202,0.9109
2026-07-26,UNL-226 Jhin Virtuoso,15951352,226*,Signature Overnumber,7,0,7,1.0
2026-07-26,UNL-227 Rengar Pridestalker,15951353,227*,Signature Overnumber,12,0,12,1.0
2026-07-26,UNL-228 Pyke Bloodharbor Ripper,15951354,228*,Signature Overnumber,20,1,21,0.9524
2026-07-26,UNL-229 Vi Piltover Enforcer,15951355,229*,Signature Overnumber,18,6,24,0.75
2026-07-26,UNL-230 Lillia Bashful Bloom,15951356,230*,Signature Overnumber,9,0,9,1.0
2026-07-26,UNL-231 Master Yi Wuju Master,15951357,231*,Signature Overnumber,13,0,13,1.0
2026-07-26,UNL-232 Vex Gloomist,15951358,232*,Signature Overnumber,12,1,13,0.9231
2026-07-26,UNL-233 Ivern Green Father,15951359,233*,Signature Overnumber,6,0,6,1.0
2026-07-26,UNL-234 Diana Scorn of the Moon,15951360,234*,Signature Overnumber,36,4,41,0.878
2026-07-26,UNL-235 Leblanc Deceiver,15951361,235*,Signature Overnumber,20,6,26,0.7692
2026-07-26,UNL-236 Kha'Zix Voidreaver,15951362,236*,Signature Overnumber,7,0,7,1.0
2026-07-26,UNL-237 Poppy Keeper of the Hammer,15951363,237*,Signature Overnumber,10,0,10,1.0
2026-07-27,OGN-299 Kai'Sa Daughter of the Void,14804169,299*,Signature Overnumber,251,31,289,0.8685
2026-07-27,OGN-300 Volibear Relentless Storm,14804170,300*,Signature Overnumber,163,13,177,0.9209
2026-07-27,OGN-301 Jinx Loose Cannon,14804171,301*,Signature Overnumber,179,13,194,0.9227
2026-07-27,OGN-302 Darius Hand of Noxus,14804172,302*,Signature Overnumber,157,31,196,0.801
2026-07-27,OGN-303 Ahri Nine-Tailed Fox,14804173,303*,Signature Overnumber,287,31,322,0.8913
2026-07-27,OGN-304 Lee Sin Blind Monk,14804174,304*,Signature Overnumber,189,38,229,0.8253
2026-07-27,OGN-305 Yasuo Unforgiven,14804175,305*,Signature Overnumber,178,25,205,0.8683
2026-07-27,OGN-306 Leona Radiant Dawn,14804176,306*,Signature Overnumber,133,20,156,0.8526
2026-07-27,OGN-307 Teemo Swift Scout,14804177,307*,Signature Overnumber,188,36,226,0.8319
2026-07-27,OGN-308 Viktor Herald of the Arcane,14804178,308*,Signature Overnumber,164,15,179,0.9162
2026-07-27,OGN-309 Miss Fortune Bounty Hunter,14804179,309*,Signature Overnumber,185,29,217,0.8525
2026-07-27,OGN-310 Sett The Boss,14804180,310*,Signature Overnumber,145,23,169,0.858
2026-07-27,SFD-223 Vayne Hunter,15332537,223*,Signature Overnumber,244,11,259,0.9421
2026-07-27,SFD-224 Aphelios Exalted,15332538,224*,Signature Overnumber,155,18,175,0.8857
2026-07-27,SFD-225 Irelia Fervent,15332539,225*,Signature Overnumber,210,25,238,0.8824
2026-07-27,SFD-227 Ahri Inquisitive,15332540,227*,Signature Overnumber,354,18,380,0.9316
2026-07-27,SFD-228 Bard Mercurial,15332541,228*,Signature Overnumber,120,3,124,0.9677
2026-07-27,SFD-230 Teemo Strategist,15332542,230*,Signature Overnumber,185,13,201,0.9204
2026-07-27,SFD-232 Sett Brawler,15332543,232*,Signature Overnumber,122,19,145,0.8414
2026-07-27,SFD-233 Yone Blademaster,15332544,233*,Signature Overnumber,157,19,180,0.8722
2026-07-27,SFD-235 Yasuo Windrider,15332545,235*,Signature Overnumber,140,18,162,0.8642
2026-07-27,SFD-236 Darius Executioner,15332546,236*,Signature Overnumber,127,12,145,0.8759
2026-07-27,SFD-237 Karma Channeler,15332547,237*,Signature Overnumber,134,8,143,0.9371
2026-07-27,SFD-239 Soraka Wanderer,15332548,239*,Signature Overnumber,184,17,202,0.9109
2026-07-27,UNL-226 Jhin Virtuoso,15951352,226*,Signature Overnumber,7,0,7,1.0
2026-07-27,UNL-227 Rengar Pridestalker,15951353,227*,Signature Overnumber,12,0,12,1.0
2026-07-27,UNL-228 Pyke Bloodharbor Ripper,15951354,228*,Signature Overnumber,20,1,21,0.9524
2026-07-27,UNL-229 Vi Piltover Enforcer,15951355,229*,Signature Overnumber,18,6,24,0.75
2026-07-27,UNL-230 Lillia Bashful Bloom,15951356,230*,Signature Overnumber,9,0,9,1.0
2026-07-27,UNL-231 Master Yi Wuju Master,15951357,231*,Signature Overnumber,13,0,13,1.0
2026-07-27,UNL-232 Vex Gloomist,15951358,232*,Signature Overnumber,12,1,13,0.9231
2026-07-27,UNL-233 Ivern Green Father,15951359,233*,Signature Overnumber,6,0,6,1.0
2026-07-27,UNL-234 Diana Scorn of the Moon,15951360,234*,Signature Overnumber,36,4,41,0.878
2026-07-27,UNL-235 Leblanc Deceiver,15951361,235*,Signature Overnumber,20,6,26,0.7692
2026-07-27,UNL-236 Kha'Zix Voidreaver,15951362,236*,Signature Overnumber,7,0,7,1.0
2026-07-27,UNL-237 Poppy Keeper of the Hammer,15951363,237*,Signature Overnumber,10,0,10,1.0
2026-07-28,OGN-299 Kai'Sa Daughter of the Void,14804169,299*,Signature Overnumber,251,32,290,0.8655
2026-07-28,OGN-300 Volibear Relentless Storm,14804170,300*,Signature Overnumber,163,13,177,0.9209
2026-07-28,OGN-301 Jinx Loose Cannon,14804171,301*,Signature Overnumber,179,13,194,0.9227
2026-07-28,OGN-302 Darius Hand of Noxus,14804172,302*,Signature Overnumber,157,31,196,0.801
2026-07-28,OGN-303 Ahri Nine-Tailed Fox,14804173,303*,Signature Overnumber,291,32,327,0.8899
2026-07-28,OGN-304 Lee Sin Blind Monk,14804174,304*,Signature Overnumber,189,38,229,0.8253
2026-07-28,OGN-305 Yasuo Unforgiven,14804175,305*,Signature Overnumber,180,25,207,0.8696
2026-07-28,OGN-306 Leona Radiant Dawn,14804176,306*,Signature Overnumber,133,20,156,0.8526
2026-07-28,OGN-307 Teemo Swift Scout,14804177,307*,Signature Overnumber,189,36,227,0.8326
2026-07-28,OGN-308 Viktor Herald of the Arcane,14804178,308*,Signature Overnumber,165,16,181,0.9116
2026-07-28,OGN-309 Miss Fortune Bounty Hunter,14804179,309*,Signature Overnumber,186,29,218,0.8532
2026-07-28,OGN-310 Sett The Boss,14804180,310*,Signature Overnumber,146,23,170,0.8588
2026-07-28,SFD-223 Vayne Hunter,15332537,223*,Signature Overnumber,248,11,263,0.943
2026-07-28,SFD-224 Aphelios Exalted,15332538,224*,Signature Overnumber,155,18,175,0.8857
2026-07-28,SFD-225 Irelia Fervent,15332539,225*,Signature Overnumber,210,25,238,0.8824
2026-07-28,SFD-227 Ahri Inquisitive,15332540,227*,Signature Overnumber,359,18,385,0.9325
2026-07-28,SFD-228 Bard Mercurial,15332541,228*,Signature Overnumber,122,3,126,0.9683
2026-07-28,SFD-230 Teemo Strategist,15332542,230*,Signature Overnumber,187,14,204,0.9167
2026-07-28,SFD-232 Sett Brawler,15332543,232*,Signature Overnumber,124,20,148,0.8378
2026-07-28,SFD-233 Yone Blademaster,15332544,233*,Signature Overnumber,162,19,185,0.8757
2026-07-28,SFD-235 Yasuo Windrider,15332545,235*,Signature Overnumber,142,18,164,0.8659
2026-07-28,SFD-236 Darius Executioner,15332546,236*,Signature Overnumber,127,13,146,0.8699
2026-07-28,SFD-237 Karma Channeler,15332547,237*,Signature Overnumber,136,8,145,0.9379
2026-07-28,SFD-239 Soraka Wanderer,15332548,239*,Signature Overnumber,185,17,203,0.9113
2026-07-28,UNL-226 Jhin Virtuoso,15951352,226*,Signature Overnumber,9,0,9,1.0
2026-07-28,UNL-227 Rengar Pridestalker,15951353,227*,Signature Overnumber,12,0,12,1.0
2026-07-28,UNL-228 Pyke Bloodharbor Ripper,15951354,228*,Signature Overnumber,20,1,21,0.9524
2026-07-28,UNL-229 Vi Piltover Enforcer,15951355,229*,Signature Overnumber,18,7,25,0.72
2026-07-28,UNL-230 Lillia Bashful Bloom,15951356,230*,Signature Overnumber,9,0,9,1.0
2026-07-28,UNL-231 Master Yi Wuju Master,15951357,231*,Signature Overnumber,13,0,13,1.0
2026-07-28,UNL-232 Vex Gloomist,15951358,232*,Signature Overnumber,13,1,14,0.9286
2026-07-28,UNL-233 Ivern Green Father,15951359,233*,Signature Overnumber,6,0,6,1.0
2026-07-28,UNL-234 Diana Scorn of the Moon,15951360,234*,Signature Overnumber,39,4,44,0.8864
2026-07-28,UNL-235 Leblanc Deceiver,15951361,235*,Signature Overnumber,21,6,27,0.7778
2026-07-28,UNL-236 Kha'Zix Voidreaver,15951362,236*,Signature Overnumber,7,0,7,1.0
2026-07-28,UNL-237 Poppy Keeper of the Hammer,15951363,237*,Signature Overnumber,10,0,10,1.0
2026-07-29,OGN-299 Kai'Sa Daughter of the Void,14804169,299*,Signature Overnumber,252,32,291,0.866
2026-07-29,OGN-300 Volibear Relentless Storm,14804170,300*,Signature Overnumber,164,13,178,0.9213
2026-07-29,OGN-301 Jinx Loose Cannon,14804171,301*,Signature Overnumber,183,13,198,0.9242
2026-07-29,OGN-302 Darius Hand of Noxus,14804172,302*,Signature Overnumber,158,31,197,0.802
2026-07-29,OGN-303 Ahri Nine-Tailed Fox,14804173,303*,Signature Overnumber,297,32,333,0.8919
2026-07-29,OGN-304 Lee Sin Blind Monk,14804174,304*,Signature Overnumber,191,40,233,0.8197
2026-07-29,OGN-305 Yasuo Unforgiven,14804175,305*,Signature Overnumber,180,25,207,0.8696
2026-07-29,OGN-306 Leona Radiant Dawn,14804176,306*,Signature Overnumber,135,20,158,0.8544
2026-07-29,OGN-307 Teemo Swift Scout,14804177,307*,Signature Overnumber,193,36,231,0.8355
2026-07-29,OGN-308 Viktor Herald of the Arcane,14804178,308*,Signature Overnumber,166,17,183,0.9071
2026-07-29,OGN-309 Miss Fortune Bounty Hunter,14804179,309*,Signature Overnumber,187,29,219,0.8539
2026-07-29,OGN-310 Sett The Boss,14804180,310*,Signature Overnumber,146,23,170,0.8588
2026-07-29,SFD-223 Vayne Hunter,15332537,223*,Signature Overnumber,251,11,266,0.9436
2026-07-29,SFD-224 Aphelios Exalted,15332538,224*,Signature Overnumber,155,18,175,0.8857
2026-07-29,SFD-225 Irelia Fervent,15332539,225*,Signature Overnumber,212,25,240,0.8833
2026-07-29,SFD-227 Ahri Inquisitive,15332540,227*,Signature Overnumber,360,18,386,0.9326
2026-07-29,SFD-228 Bard Mercurial,15332541,228*,Signature Overnumber,122,3,126,0.9683
2026-07-29,SFD-230 Teemo Strategist,15332542,230*,Signature Overnumber,187,14,204,0.9167
2026-07-29,SFD-232 Sett Brawler,15332543,232*,Signature Overnumber,124,20,148,0.8378
2026-07-29,SFD-233 Yone Blademaster,15332544,233*,Signature Overnumber,162,19,185,0.8757
2026-07-29,SFD-235 Yasuo Windrider,15332545,235*,Signature Overnumber,143,18,165,0.8667
2026-07-29,SFD-236 Darius Executioner,15332546,236*,Signature Overnumber,128,14,148,0.8649
2026-07-29,SFD-237 Karma Channeler,15332547,237*,Signature Overnumber,137,8,146,0.9384
2026-07-29,SFD-239 Soraka Wanderer,15332548,239*,Signature Overnumber,186,17,204,0.9118
2026-07-29,UNL-226 Jhin Virtuoso,15951352,226*,Signature Overnumber,11,0,11,1.0
2026-07-29,UNL-227 Rengar Pridestalker,15951353,227*,Signature Overnumber,12,0,12,1.0
2026-07-29,UNL-228 Pyke Bloodharbor Ripper,15951354,228*,Signature Overnumber,21,1,22,0.9545
2026-07-29,UNL-229 Vi Piltover Enforcer,15951355,229*,Signature Overnumber,19,7,26,0.7308
2026-07-29,UNL-230 Lillia Bashful Bloom,15951356,230*,Signature Overnumber,10,0,10,1.0
2026-07-29,UNL-231 Master Yi Wuju Master,15951357,231*,Signature Overnumber,14,0,14,1.0
2026-07-29,UNL-232 Vex Gloomist,15951358,232*,Signature Overnumber,13,1,14,0.9286
2026-07-29,UNL-233 Ivern Green Father,15951359,233*,Signature Overnumber,7,1,8,0.875
2026-07-29,UNL-234 Diana Scorn of the Moon,15951360,234*,Signature Overnumber,45,5,51,0.8824
2026-07-29,UNL-235 Leblanc Deceiver,15951361,235*,Signature Overnumber,23,6,29,0.7931
2026-07-29,UNL-236 Kha'Zix Voidreaver,15951362,236*,Signature Overnumber,7,0,7,1.0
2026-07-29,UNL-237 Poppy Keeper of the Hammer,15951363,237*,Signature Overnumber,11,0,11,1.0
2026-07-30,OGN-299 Kai'Sa Daughter of the Void,14804169,299*,Signature Overnumber,254,32,293,0.8669
2026-07-30,OGN-300 Volibear Relentless Storm,14804170,300*,Signature Overnumber,164,13,178,0.9213
2026-07-30,OGN-301 Jinx Loose Cannon,14804171,301*,Signature Overnumber,185,13,200,0.925
2026-07-30,OGN-302 Darius Hand of Noxus,14804172,302*,Signature Overnumber,159,31,198,0.803
2026-07-30,OGN-303 Ahri Nine-Tailed Fox,14804173,303*,Signature Overnumber,303,32,339,0.8938
2026-07-30,OGN-304 Lee Sin Blind Monk,14804174,304*,Signature Overnumber,192,40,234,0.8205
2026-07-30,OGN-305 Yasuo Unforgiven,14804175,305*,Signature Overnumber,181,26,209,0.866
2026-07-30,OGN-306 Leona Radiant Dawn,14804176,306*,Signature Overnumber,136,20,159,0.8553
2026-07-30,OGN-307 Teemo Swift Scout,14804177,307*,Signature Overnumber,195,37,234,0.8333
2026-07-30,OGN-308 Viktor Herald of the Arcane,14804178,308*,Signature Overnumber,166,17,183,0.9071
2026-07-30,OGN-309 Miss Fortune Bounty Hunter,14804179,309*,Signature Overnumber,188,29,220,0.8545
2026-07-30,OGN-310 Sett The Boss,14804180,310*,Signature Overnumber,147,23,171,0.8596
2026-07-30,SFD-223 Vayne Hunter,15332537,223*,Signature Overnumber,252,11,267,0.9438
2026-07-30,SFD-224 Aphelios Exalted,15332538,224*,Signature Overnumber,155,18,175,0.8857
2026-07-30,SFD-225 Irelia Fervent,15332539,225*,Signature Overnumber,213,25,241,0.8838
2026-07-30,SFD-227 Ahri Inquisitive,15332540,227*,Signature Overnumber,362,18,388,0.933
2026-07-30,SFD-228 Bard Mercurial,15332541,228*,Signature Overnumber,123,4,128,0.9609
2026-07-30,SFD-230 Teemo Strategist,15332542,230*,Signature Overnumber,189,14,206,0.9175
2026-07-30,SFD-232 Sett Brawler,15332543,232*,Signature Overnumber,125,20,149,0.8389
2026-07-30,SFD-233 Yone Blademaster,15332544,233*,Signature Overnumber,164,19,187,0.877
2026-07-30,SFD-235 Yasuo Windrider,15332545,235*,Signature Overnumber,145,18,167,0.8683
2026-07-30,SFD-236 Darius Executioner,15332546,236*,Signature Overnumber,128,14,148,0.8649
2026-07-30,SFD-237 Karma Channeler,15332547,237*,Signature Overnumber,138,8,147,0.9388
2026-07-30,SFD-239 Soraka Wanderer,15332548,239*,Signature Overnumber,186,17,204,0.9118
2026-07-30,UNL-226 Jhin Virtuoso,15951352,226*,Signature Overnumber,11,0,11,1.0
2026-07-30,UNL-227 Rengar Pridestalker,15951353,227*,Signature Overnumber,12,0,12,1.0
2026-07-30,UNL-228 Pyke Bloodharbor Ripper,15951354,228*,Signature Overnumber,21,1,22,0.9545
2026-07-30,UNL-229 Vi Piltover Enforcer,15951355,229*,Signature Overnumber,19,8,28,0.6786
2026-07-30,UNL-230 Lillia Bashful Bloom,15951356,230*,Signature Overnumber,10,0,10,1.0
2026-07-30,UNL-231 Master Yi Wuju Master,15951357,231*,Signature Overnumber,14,0,14,1.0
2026-07-30,UNL-232 Vex Gloomist,15951358,232*,Signature Overnumber,14,1,15,0.9333
2026-07-30,UNL-233 Ivern Green Father,15951359,233*,Signature Overnumber,7,1,8,0.875
2026-07-30,UNL-234 Diana Scorn of the Moon,15951360,234*,Signature Overnumber,47,5,53,0.8868
2026-07-30,UNL-235 Leblanc Deceiver,15951361,235*,Signature Overnumber,23,6,29,0.7931
2026-07-30,UNL-236 Kha'Zix Voidreaver,15951362,236*,Signature Overnumber,7,0,7,1.0
2026-07-30,UNL-237 Poppy Keeper of the Hammer,15951363,237*,Signature Overnumber,11,0,11,1.0
2026-07-31,OGN-299 Kai'Sa Daughter of the Void,14804169,299*,Signature Overnumber,258,33,299,0.8629
2026-07-31,OGN-300 Volibear Relentless Storm,14804170,300*,Signature Overnumber,164,14,179,0.9162
2026-07-31,OGN-301 Jinx Loose Cannon,14804171,301*,Signature Overnumber,188,14,204,0.9216
2026-07-31,OGN-302 Darius Hand of Noxus,14804172,302*,Signature Overnumber,160,31,199,0.804
2026-07-31,OGN-303 Ahri Nine-Tailed Fox,14804173,303*,Signature Overnumber,307,32,343,0.895
2026-07-31,OGN-304 Lee Sin Blind Monk,14804174,304*,Signature Overnumber,193,41,236,0.8178
2026-07-31,OGN-305 Yasuo Unforgiven,14804175,305*,Signature Overnumber,184,26,212,0.8679
2026-07-31,OGN-306 Leona Radiant Dawn,14804176,306*,Signature Overnumber,140,20,163,0.8589
2026-07-31,OGN-307 Teemo Swift Scout,14804177,307*,Signature Overnumber,196,37,235,0.834
2026-07-31,OGN-308 Viktor Herald of the Arcane,14804178,308*,Signature Overnumber,170,17,187,0.9091
2026-07-31,OGN-309 Miss Fortune Bounty Hunter,14804179,309*,Signature Overnumber,190,29,222,0.8559
2026-07-31,OGN-310 Sett The Boss,14804180,310*,Signature Overnumber,149,23,173,0.8613
2026-07-31,SFD-223 Vayne Hunter,15332537,223*,Signature Overnumber,259,11,274,0.9453
2026-07-31,SFD-224 Aphelios Exalted,15332538,224*,Signature Overnumber,158,18,178,0.8876
2026-07-31,SFD-225 Irelia Fervent,15332539,225*,Signature Overnumber,215,25,244,0.8811
2026-07-31,SFD-227 Ahri Inquisitive,15332540,227*,Signature Overnumber,364,18,390,0.9333
2026-07-31,SFD-228 Bard Mercurial,15332541,228*,Signature Overnumber,124,4,129,0.9612
2026-07-31,SFD-230 Teemo Strategist,15332542,230*,Signature Overnumber,195,14,213,0.9155
2026-07-31,SFD-232 Sett Brawler,15332543,232*,Signature Overnumber,127,21,152,0.8355
2026-07-31,SFD-233 Yone Blademaster,15332544,233*,Signature Overnumber,171,19,195,0.8769
2026-07-31,SFD-235 Yasuo Windrider,15332545,235*,Signature Overnumber,151,19,174,0.8678
2026-07-31,SFD-236 Darius Executioner,15332546,236*,Signature Overnumber,134,15,155,0.8645
2026-07-31,SFD-237 Karma Channeler,15332547,237*,Signature Overnumber,144,8,153,0.9412
2026-07-31,SFD-239 Soraka Wanderer,15332548,239*,Signature Overnumber,191,17,209,0.9139
2026-07-31,UNL-226 Jhin Virtuoso,15951352,226*,Signature Overnumber,13,1,14,0.9286
2026-07-31,UNL-227 Rengar Pridestalker,15951353,227*,Signature Overnumber,13,0,13,1.0
2026-07-31,UNL-228 Pyke Bloodharbor Ripper,15951354,228*,Signature Overnumber,21,1,22,0.9545
2026-07-31,UNL-229 Vi Piltover Enforcer,15951355,229*,Signature Overnumber,19,8,28,0.6786
2026-07-31,UNL-230 Lillia Bashful Bloom,15951356,230*,Signature Overnumber,13,0,14,0.9286
2026-07-31,UNL-231 Master Yi Wuju Master,15951357,231*,Signature Overnumber,17,0,17,1.0
2026-07-31,UNL-232 Vex Gloomist,15951358,232*,Signature Overnumber,16,1,18,0.8889
2026-07-31,UNL-233 Ivern Green Father,15951359,233*,Signature Overnumber,9,1,10,0.9
2026-07-31,UNL-234 Diana Scorn of the Moon,15951360,234*,Signature Overnumber,52,6,59,0.8814
2026-07-31,UNL-235 Leblanc Deceiver,15951361,235*,Signature Overnumber,26,6,32,0.8125
2026-07-31,UNL-236 Kha'Zix Voidreaver,15951362,236*,Signature Overnumber,8,0,8,1.0
2026-07-31,UNL-237 Poppy Keeper of the Hammer,15951363,237*,Signature Overnumber,13,0,13,1.0
2026-08-01,OGN-299 Kai'Sa Daughter of the Void,14804169,299*,Signature Overnumber,260,33,301,0.8638
2026-08-01,OGN-300 Volibear Relentless Storm,14804170,300*,Signature Overnumber,164,14,179,0.9162
2026-08-01,OGN-301 Jinx Loose Cannon,14804171,301*,Signature Overnumber,189,14,205,0.922
2026-08-01,OGN-302 Darius Hand of Noxus,14804172,302*,Signature Overnumber,160,31,199,0.804
2026-08-01,OGN-303 Ahri Nine-Tailed Fox,14804173,303*,Signature Overnumber,309,32,345,0.8957
2026-08-01,OGN-304 Lee Sin Blind Monk,14804174,304*,Signature Overnumber,193,41,236,0.8178
2026-08-01,OGN-305 Yasuo Unforgiven,14804175,305*,Signature Overnumber,185,26,213,0.8685
2026-08-01,OGN-306 Leona Radiant Dawn,14804176,306*,Signature Overnumber,142,20,165,0.8606
2026-08-01,OGN-307 Teemo Swift Scout,14804177,307*,Signature Overnumber,198,37,237,0.8354
2026-08-01,OGN-308 Viktor Herald of the Arcane,14804178,308*,Signature Overnumber,170,17,187,0.9091
2026-08-01,OGN-309 Miss Fortune Bounty Hunter,14804179,309*,Signature Overnumber,192,29,224,0.8571
2026-08-01,OGN-310 Sett The Boss,14804180,310*,Signature Overnumber,149,23,173,0.8613
2026-08-01,SFD-223 Vayne Hunter,15332537,223*,Signature Overnumber,263,12,279,0.9427
2026-08-01,SFD-224 Aphelios Exalted,15332538,224*,Signature Overnumber,160,18,180,0.8889
2026-08-01,SFD-225 Irelia Fervent,15332539,225*,Signature Overnumber,217,26,247,0.8785
2026-08-01,SFD-227 Ahri Inquisitive,15332540,227*,Signature Overnumber,368,19,395,0.9316
2026-08-01,SFD-228 Bard Mercurial,15332541,228*,Signature Overnumber,124,4,129,0.9612
2026-08-01,SFD-230 Teemo Strategist,15332542,230*,Signature Overnumber,197,14,215,0.9163
2026-08-01,SFD-232 Sett Brawler,15332543,232*,Signature Overnumber,128,21,153,0.8366
2026-08-01,SFD-233 Yone Blademaster,15332544,233*,Signature Overnumber,171,19,195,0.8769
2026-08-01,SFD-235 Yasuo Windrider,15332545,235*,Signature Overnumber,153,19,176,0.8693
2026-08-01,SFD-236 Darius Executioner,15332546,236*,Signature Overnumber,135,15,156,0.8654
2026-08-01,SFD-237 Karma Channeler,15332547,237*,Signature Overnumber,144,8,153,0.9412
2026-08-01,SFD-239 Soraka Wanderer,15332548,239*,Signature Overnumber,193,17,211,0.9147
2026-08-01,UNL-226 Jhin Virtuoso,15951352,226*,Signature Overnumber,13,1,14,0.9286
2026-08-01,UNL-227 Rengar Pridestalker,15951353,227*,Signature Overnumber,13,0,13,1.0
2026-08-01,UNL-228 Pyke Bloodharbor Ripper,15951354,228*,Signature Overnumber,23,1,24,0.9583
2026-08-01,UNL-229 Vi Piltover Enforcer,15951355,229*,Signature Overnumber,21,8,30,0.7
2026-08-01,UNL-230 Lillia Bashful Bloom,15951356,230*,Signature Overnumber,14,1,16,0.875
2026-08-01,UNL-231 Master Yi Wuju Master,15951357,231*,Signature Overnumber,18,0,18,1.0
2026-08-01,UNL-232 Vex Gloomist,15951358,232*,Signature Overnumber,17,1,19,0.8947
2026-08-01,UNL-233 Ivern Green Father,15951359,233*,Signature Overnumber,10,1,11,0.9091
2026-08-01,UNL-234 Diana Scorn of the Moon,15951360,234*,Signature Overnumber,56,7,64,0.875
2026-08-01,UNL-235 Leblanc Deceiver,15951361,235*,Signature Overnumber,27,6,33,0.8182
2026-08-01,UNL-236 Kha'Zix Voidreaver,15951362,236*,Signature Overnumber,9,0,9,1.0
2026-08-01,UNL-237 Poppy Keeper of the Hammer,15951363,237*,Signature Overnumber,16,0,16,1.0
2026-08-02,OGN-299 Kai'Sa Daughter of the Void,14804169,299*,Signature Overnumber,262,33,303,0.8647
2026-08-02,OGN-300 Volibear Relentless Storm,14804170,300*,Signature Overnumber,165,14,180,0.9167
2026-08-02,OGN-301 Jinx Loose Cannon,14804171,301*,Signature Overnumber,193,14,209,0.9234
2026-08-02,OGN-302 Darius Hand of Noxus,14804172,302*,Signature Overnumber,161,32,201,0.801
2026-08-02,OGN-303 Ahri Nine-Tailed Fox,14804173,303*,Signature Overnumber,314,32,350,0.8971
2026-08-02,OGN-304 Lee Sin Blind Monk,14804174,304*,Signature Overnumber,194,42,238,0.8151
2026-08-02,OGN-305 Yasuo Unforgiven,14804175,305*,Signature Overnumber,189,27,218,0.867
2026-08-02,OGN-306 Leona Radiant Dawn,14804176,306*,Signature Overnumber,145,20,168,0.8631
2026-08-02,OGN-307 Teemo Swift Scout,14804177,307*,Signature Overnumber,200,37,239,0.8368
2026-08-02,OGN-308 Viktor Herald of the Arcane,14804178,308*,Signature Overnumber,171,17,188,0.9096
2026-08-02,OGN-309 Miss Fortune Bounty Hunter,14804179,309*,Signature Overnumber,195,30,229,0.8515
2026-08-02,OGN-310 Sett The Boss,14804180,310*,Signature Overnumber,152,24,177,0.8588
2026-08-02,SFD-223 Vayne Hunter,15332537,223*,Signature Overnumber,275,12,291,0.945
2026-08-02,SFD-224 Aphelios Exalted,15332538,224*,Signature Overnumber,170,19,191,0.8901
2026-08-02,SFD-225 Irelia Fervent,15332539,225*,Signature Overnumber,229,26,259,0.8842
2026-08-02,SFD-227 Ahri Inquisitive,15332540,227*,Signature Overnumber,375,19,403,0.9305
2026-08-02,SFD-228 Bard Mercurial,15332541,228*,Signature Overnumber,135,4,140,0.9643
2026-08-02,SFD-230 Teemo Strategist,15332542,230*,Signature Overnumber,201,14,219,0.9178
2026-08-02,SFD-232 Sett Brawler,15332543,232*,Signature Overnumber,136,21,161,0.8447
2026-08-02,SFD-233 Yone Blademaster,15332544,233*,Signature Overnumber,182,19,206,0.8835
2026-08-02,SFD-235 Yasuo Windrider,15332545,235*,Signature Overnumber,165,19,188,0.8777
2026-08-02,SFD-236 Darius Executioner,15332546,236*,Signature Overnumber,142,15,163,0.8712
2026-08-02,SFD-237 Karma Channeler,15332547,237*,Signature Overnumber,151,8,160,0.9437
2026-08-02,SFD-239 Soraka Wanderer,15332548,239*,Signature Overnumber,205,18,224,0.9152
2026-08-02,UNL-226 Jhin Virtuoso,15951352,226*,Signature Overnumber,17,2,19,0.8947
2026-08-02,UNL-227 Rengar Pridestalker,15951353,227*,Signature Overnumber,21,0,21,1.0
2026-08-02,UNL-228 Pyke Bloodharbor Ripper,15951354,228*,Signature Overnumber,31,2,33,0.9394
2026-08-02,UNL-229 Vi Piltover Enforcer,15951355,229*,Signature Overnumber,29,10,40,0.725
2026-08-02,UNL-230 Lillia Bashful Bloom,15951356,230*,Signature Overnumber,22,2,25,0.88
2026-08-02,UNL-231 Master Yi Wuju Master,15951357,231*,Signature Overnumber,18,1,19,0.9474
2026-08-02,UNL-232 Vex Gloomist,15951358,232*,Signature Overnumber,23,1,25,0.92
2026-08-02,UNL-233 Ivern Green Father,15951359,233*,Signature Overnumber,12,1,13,0.9231
2026-08-02,UNL-234 Diana Scorn of the Moon,15951360,234*,Signature Overnumber,57,7,65,0.8769
2026-08-02,UNL-235 Leblanc Deceiver,15951361,235*,Signature Overnumber,29,6,35,0.8286
2026-08-02,UNL-236 Kha'Zix Voidreaver,15951362,236*,Signature Overnumber,9,0,9,1.0
2026-08-02,UNL-237 Poppy Keeper of the Hammer,15951363,237*,Signature Overnumber,24,0,24,1.0
2026-08-03,OGN-299 Kai'Sa Daughter of the Void,14804169,299*,Signature Overnumber,262,33,303,0.8647
2026-08-03,OGN-300 Volibear Relentless Storm,14804170,300*,Signature Overnumber,165,14,180,0.9167
2026-08-03,OGN-301 Jinx Loose Cannon,14804171,301*,Signature Overnumber,193,14,209,0.9234
2026-08-03,OGN-302 Darius Hand of Noxus,14804172,302*,Signature Overnumber,161,32,201,0.801
2026-08-03,OGN-303 Ahri Nine-Tailed Fox,14804173,303*,Signature Overnumber,314,32,350,0.8971
2026-08-03,OGN-304 Lee Sin Blind Monk,14804174,304*,Signature Overnumber,194,42,238,0.8151
2026-08-03,OGN-305 Yasuo Unforgiven,14804175,305*,Signature Overnumber,189,27,218,0.867
2026-08-03,OGN-306 Leona Radiant Dawn,14804176,306*,Signature Overnumber,145,20,168,0.8631
2026-08-03,OGN-307 Teemo Swift Scout,14804177,307*,Signature Overnumber,200,37,239,0.8368
2026-08-03,OGN-308 Viktor Herald of the Arcane,14804178,308*,Signature Overnumber,171,17,188,0.9096
2026-08-03,OGN-309 Miss Fortune Bounty Hunter,14804179,309*,Signature Overnumber,195,30,229,0.8515
2026-08-03,OGN-310 Sett The Boss,14804180,310*,Signature Overnumber,152,24,177,0.8588
2026-08-03,SFD-223 Vayne Hunter,15332537,223*,Signature Overnumber,275,12,291,0.945
2026-08-03,SFD-224 Aphelios Exalted,15332538,224*,Signature Overnumber,170,19,191,0.8901
2026-08-03,SFD-225 Irelia Fervent,15332539,225*,Signature Overnumber,229,26,259,0.8842
2026-08-03,SFD-227 Ahri Inquisitive,15332540,227*,Signature Overnumber,375,19,403,0.9305
2026-08-03,SFD-228 Bard Mercurial,15332541,228*,Signature Overnumber,135,4,140,0.9643
2026-08-03,SFD-230 Teemo Strategist,15332542,230*,Signature Overnumber,201,14,219,0.9178
2026-08-03,SFD-232 Sett Brawler,15332543,232*,Signature Overnumber,136,21,161,0.8447
2026-08-03,SFD-233 Yone Blademaster,15332544,233*,Signature Overnumber,182,19,206,0.8835
2026-08-03,SFD-235 Yasuo Windrider,15332545,235*,Signature Overnumber,165,19,188,0.8777
2026-08-03,SFD-236 Darius Executioner,15332546,236*,Signature Overnumber,142,15,163,0.8712
2026-08-03,SFD-237 Karma Channeler,15332547,237*,Signature Overnumber,151,8,160,0.9437
2026-08-03,SFD-239 Soraka Wanderer,15332548,239*,Signature Overnumber,205,18,224,0.9152
2026-08-03,UNL-226 Jhin Virtuoso,15951352,226*,Signature Overnumber,17,2,19,0.8947
2026-08-03,UNL-227 Rengar Pridestalker,15951353,227*,Signature Overnumber,21,0,21,1.0
2026-08-03,UNL-228 Pyke Bloodharbor Ripper,15951354,228*,Signature Overnumber,31,2,33,0.9394
2026-08-03,UNL-229 Vi Piltover Enforcer,15951355,229*,Signature Overnumber,29,10,40,0.725
2026-08-03,UNL-230 Lillia Bashful Bloom,15951356,230*,Signature Overnumber,22,2,25,0.88
2026-08-03,UNL-231 Master Yi Wuju Master,15951357,231*,Signature Overnumber,18,1,19,0.9474
2026-08-03,UNL-232 Vex Gloomist,15951358,232*,Signature Overnumber,23,1,25,0.92
2026-08-03,UNL-233 Ivern Green Father,15951359,233*,Signature Overnumber,12,1,13,0.9231
2026-08-03,UNL-234 Diana Scorn of the Moon,15951360,234*,Signature Overnumber,57,7,65,0.8769
2026-08-03,UNL-235 Leblanc Deceiver,15951361,235*,Signature Overnumber,29,6,35,0.8286
2026-08-03,UNL-236 Kha'Zix Voidreaver,15951362,236*,Signature Overnumber,9,0,9,1.0
2026-08-03,UNL-237 Poppy Keeper of the Hammer,15951363,237*,Signature Overnumber,24,0,24,1.0
2026-08-04,OGN-299 Kai'Sa Daughter of the Void,14804169,299*,Signature Overnumber,265,35,308,0.8604
2026-08-04,OGN-300 Volibear Relentless Storm,14804170,300*,Signature Overnumber,167,14,182,0.9176
2026-08-04,OGN-301 Jinx Loose Cannon,14804171,301*,Signature Overnumber,197,14,213,0.9249
2026-08-04,OGN-302 Darius Hand of Noxus,14804172,302*,Signature Overnumber,169,32,209,0.8086
2026-08-04,OGN-303 Ahri Nine-Tailed Fox,14804173,303*,Signature Overnumber,322,33,359,0.8969
2026-08-04,OGN-304 Lee Sin Blind Monk,14804174,304*,Signature Overnumber,196,43,241,0.8133
2026-08-04,OGN-305 Yasuo Unforgiven,14804175,305*,Signature Overnumber,192,27,221,0.8688
2026-08-04,OGN-306 Leona Radiant Dawn,14804176,306*,Signature Overnumber,147,21,171,0.8596
2026-08-04,OGN-307 Teemo Swift Scout,14804177,307*,Signature Overnumber,203,37,242,0.8388
2026-08-04,OGN-308 Viktor Herald of the Arcane,14804178,308*,Signature Overnumber,175,17,193,0.9067
2026-08-04,OGN-309 Miss Fortune Bounty Hunter,14804179,309*,Signature Overnumber,197,31,232,0.8491
2026-08-04,OGN-310 Sett The Boss,14804180,310*,Signature Overnumber,154,24,179,0.8603
2026-08-04,SFD-223 Vayne Hunter,15332537,223*,Signature Overnumber,291,12,307,0.9479
2026-08-04,SFD-224 Aphelios Exalted,15332538,224*,Signature Overnumber,173,20,195,0.8872
2026-08-04,SFD-225 Irelia Fervent,15332539,225*,Signature Overnumber,235,29,268,0.8769
2026-08-04,SFD-227 Ahri Inquisitive,15332540,227*,Signature Overnumber,383,19,411,0.9319
2026-08-04,SFD-228 Bard Mercurial,15332541,228*,Signature Overnumber,141,4,146,0.9658
2026-08-04,SFD-230 Teemo Strategist,15332542,230*,Signature Overnumber,206,14,224,0.9196
2026-08-04,SFD-232 Sett Brawler,15332543,232*,Signature Overnumber,139,22,165,0.8424
2026-08-04,SFD-233 Yone Blademaster,15332544,233*,Signature Overnumber,184,19,208,0.8846
2026-08-04,SFD-235 Yasuo Windrider,15332545,235*,Signature Overnumber,172,21,197,0.8731
2026-08-04,SFD-236 Darius Executioner,15332546,236*,Signature Overnumber,144,15,165,0.8727
2026-08-04,SFD-237 Karma Channeler,15332547,237*,Signature Overnumber,152,8,161,0.9441
2026-08-04,SFD-239 Soraka Wanderer,15332548,239*,Signature Overnumber,211,18,230,0.9174
2026-08-04,UNL-226 Jhin Virtuoso,15951352,226*,Signature Overnumber,19,2,21,0.9048
2026-08-04,UNL-227 Rengar Pridestalker,15951353,227*,Signature Overnumber,24,0,24,1.0
2026-08-04,UNL-228 Pyke Bloodharbor Ripper,15951354,228*,Signature Overnumber,37,2,39,0.9487
2026-08-04,UNL-229 Vi Piltover Enforcer,15951355,229*,Signature Overnumber,30,10,41,0.7317
2026-08-04,UNL-230 Lillia Bashful Bloom,15951356,230*,Signature Overnumber,24,2,27,0.8889
2026-08-04,UNL-231 Master Yi Wuju Master,15951357,231*,Signature Overnumber,19,2,21,0.9048
2026-08-04,UNL-232 Vex Gloomist,15951358,232*,Signature Overnumber,26,1,28,0.9286
2026-08-04,UNL-233 Ivern Green Father,15951359,233*,Signature Overnumber,14,1,15,0.9333
2026-08-04,UNL-234 Diana Scorn of the Moon,15951360,234*,Signature Overnumber,57,7,65,0.8769
2026-08-04,UNL-235 Leblanc Deceiver,15951361,235*,Signature Overnumber,30,7,37,0.8108
2026-08-04,UNL-236 Kha'Zix Voidreaver,15951362,236*,Signature Overnumber,11,0,11,1.0
2026-08-04,UNL-237 Poppy Keeper of the Hammer,15951363,237*,Signature Overnumber,25,0,25,1.0
2026-08-05,OGN-299 Kai'Sa Daughter of the Void,14804169,299*,Signature Overnumber,266,35,309,0.8608
2026-08-05,OGN-300 Volibear Relentless Storm,14804170,300*,Signature Overnumber,171,14,186,0.9194
2026-08-05,OGN-301 Jinx Loose Cannon,14804171,301*,Signature Overnumber,200,15,217,0.9217
2026-08-05,OGN-302 Darius Hand of Noxus,14804172,302*,Signature Overnumber,169,32,209,0.8086
2026-08-05,OGN-303 Ahri Nine-Tailed Fox,14804173,303*,Signature Overnumber,323,33,360,0.8972
2026-08-05,OGN-304 Lee Sin Blind Monk,14804174,304*,Signature Overnumber,197,43,242,0.814
2026-08-05,OGN-305 Yasuo Unforgiven,14804175,305*,Signature Overnumber,192,27,221,0.8688
2026-08-05,OGN-306 Leona Radiant Dawn,14804176,306*,Signature Overnumber,148,21,172,0.8605
2026-08-05,OGN-307 Teemo Swift Scout,14804177,307*,Signature Overnumber,205,37,244,0.8402
2026-08-05,OGN-308 Viktor Herald of the Arcane,14804178,308*,Signature Overnumber,175,17,193,0.9067
2026-08-05,OGN-309 Miss Fortune Bounty Hunter,14804179,309*,Signature Overnumber,200,31,235,0.8511
2026-08-05,OGN-310 Sett The Boss,14804180,310*,Signature Overnumber,157,24,182,0.8626
2026-08-05,SFD-223 Vayne Hunter,15332537,223*,Signature Overnumber,292,13,309,0.945
2026-08-05,SFD-224 Aphelios Exalted,15332538,224*,Signature Overnumber,174,20,196,0.8878
2026-08-05,SFD-225 Irelia Fervent,15332539,225*,Signature Overnumber,236,29,269,0.8773
2026-08-05,SFD-227 Ahri Inquisitive,15332540,227*,Signature Overnumber,384,19,412,0.932
2026-08-05,SFD-228 Bard Mercurial,15332541,228*,Signature Overnumber,141,4,146,0.9658
2026-08-05,SFD-230 Teemo Strategist,15332542,230*,Signature Overnumber,209,14,227,0.9207
2026-08-05,SFD-232 Sett Brawler,15332543,232*,Signature Overnumber,141,22,167,0.8443
2026-08-05,SFD-233 Yone Blademaster,15332544,233*,Signature Overnumber,184,19,208,0.8846
2026-08-05,SFD-235 Yasuo Windrider,15332545,235*,Signature Overnumber,174,21,199,0.8744
2026-08-05,SFD-236 Darius Executioner,15332546,236*,Signature Overnumber,144,16,166,0.8675
2026-08-05,SFD-237 Karma Channeler,15332547,237*,Signature Overnumber,152,8,161,0.9441
2026-08-05,SFD-239 Soraka Wanderer,15332548,239*,Signature Overnumber,213,18,232,0.9181
2026-08-05,UNL-226 Jhin Virtuoso,15951352,226*,Signature Overnumber,19,2,21,0.9048
2026-08-05,UNL-227 Rengar Pridestalker,15951353,227*,Signature Overnumber,24,0,24,1.0
2026-08-05,UNL-228 Pyke Bloodharbor Ripper,15951354,228*,Signature Overnumber,37,2,39,0.9487
2026-08-05,UNL-229 Vi Piltover Enforcer,15951355,229*,Signature Overnumber,30,10,41,0.7317
2026-08-05,UNL-230 Lillia Bashful Bloom,15951356,230*,Signature Overnumber,25,2,28,0.8929
2026-08-05,UNL-231 Master Yi Wuju Master,15951357,231*,Signature Overnumber,19,2,21,0.9048
2026-08-05,UNL-232 Vex Gloomist,15951358,232*,Signature Overnumber,26,1,28,0.9286
2026-08-05,UNL-233 Ivern Green Father,15951359,233*,Signature Overnumber,14,1,15,0.9333
2026-08-05,UNL-234 Diana Scorn of the Moon,15951360,234*,Signature Overnumber,64,7,72,0.8889
2026-08-05,UNL-235 Leblanc Deceiver,15951361,235*,Signature Overnumber,31,7,38,0.8158
2026-08-05,UNL-236 Kha'Zix Voidreaver,15951362,236*,Signature Overnumber,11,0,11,1.0
2026-08-05,UNL-237 Poppy Keeper of the Hammer,15951363,237*,Signature Overnumber,26,0,26,1.0
2026-08-06,OGN-299 Kai'Sa Daughter of the Void,14804169,299*,Signature Overnumber,266,35,309,0.8608
2026-08-06,OGN-300 Volibear Relentless Storm,14804170,300*,Signature Overnumber,171,14,186,0.9194
2026-08-06,OGN-301 Jinx Loose Cannon,14804171,301*,Signature Overnumber,203,15,220,0.9227
2026-08-06,OGN-302 Darius Hand of Noxus,14804172,302*,Signature Overnumber,169,32,209,0.8086
2026-08-06,OGN-303 Ahri Nine-Tailed Fox,14804173,303*,Signature Overnumber,332,33,369,0.8997
2026-08-06,OGN-304 Lee Sin Blind Monk,14804174,304*,Signature Overnumber,199,43,244,0.8156
2026-08-06,OGN-305 Yasuo Unforgiven,14804175,305*,Signature Overnumber,192,27,221,0.8688
2026-08-06,OGN-306 Leona Radiant Dawn,14804176,306*,Signature Overnumber,148,21,172,0.8605
2026-08-06,OGN-307 Teemo Swift Scout,14804177,307*,Signature Overnumber,207,40,249,0.8313
2026-08-06,OGN-308 Viktor Herald of the Arcane,14804178,308*,Signature Overnumber,175,17,193,0.9067
2026-08-06,OGN-309 Miss Fortune Bounty Hunter,14804179,309*,Signature Overnumber,200,31,235,0.8511
2026-08-06,OGN-310 Sett The Boss,14804180,310*,Signature Overnumber,157,24,182,0.8626
2026-08-06,SFD-223 Vayne Hunter,15332537,223*,Signature Overnumber,295,13,312,0.9455
2026-08-06,SFD-224 Aphelios Exalted,15332538,224*,Signature Overnumber,176,20,198,0.8889
2026-08-06,SFD-225 Irelia Fervent,15332539,225*,Signature Overnumber,237,29,270,0.8778
2026-08-06,SFD-227 Ahri Inquisitive,15332540,227*,Signature Overnumber,391,20,420,0.931
2026-08-06,SFD-228 Bard Mercurial,15332541,228*,Signature Overnumber,141,4,146,0.9658
2026-08-06,SFD-230 Teemo Strategist,15332542,230*,Signature Overnumber,210,14,228,0.9211
2026-08-06,SFD-232 Sett Brawler,15332543,232*,Signature Overnumber,142,22,168,0.8452
2026-08-06,SFD-233 Yone Blademaster,15332544,233*,Signature Overnumber,185,19,209,0.8852
2026-08-06,SFD-235 Yasuo Windrider,15332545,235*,Signature Overnumber,176,21,201,0.8756
2026-08-06,SFD-236 Darius Executioner,15332546,236*,Signature Overnumber,145,16,167,0.8683
2026-08-06,SFD-237 Karma Channeler,15332547,237*,Signature Overnumber,155,8,164,0.9451
2026-08-06,SFD-239 Soraka Wanderer,15332548,239*,Signature Overnumber,213,18,232,0.9181
2026-08-06,UNL-226 Jhin Virtuoso,15951352,226*,Signature Overnumber,19,2,21,0.9048
2026-08-06,UNL-227 Rengar Pridestalker,15951353,227*,Signature Overnumber,24,0,24,1.0
2026-08-06,UNL-228 Pyke Bloodharbor Ripper,15951354,228*,Signature Overnumber,37,2,39,0.9487
2026-08-06,UNL-229 Vi Piltover Enforcer,15951355,229*,Signature Overnumber,31,11,43,0.7209
2026-08-06,UNL-230 Lillia Bashful Bloom,15951356,230*,Signature Overnumber,25,2,28,0.8929
2026-08-06,UNL-231 Master Yi Wuju Master,15951357,231*,Signature Overnumber,19,2,21,0.9048
2026-08-06,UNL-232 Vex Gloomist,15951358,232*,Signature Overnumber,26,1,28,0.9286
2026-08-06,UNL-233 Ivern Green Father,15951359,233*,Signature Overnumber,15,1,16,0.9375
2026-08-06,UNL-234 Diana Scorn of the Moon,15951360,234*,Signature Overnumber,65,7,73,0.8904
2026-08-06,UNL-235 Leblanc Deceiver,15951361,235*,Signature Overnumber,32,7,39,0.8205
2026-08-06,UNL-236 Kha'Zix Voidreaver,15951362,236*,Signature Overnumber,11,0,11,1.0
2026-08-06,UNL-237 Poppy Keeper of the Hammer,15951363,237*,Signature Overnumber,26,0,26,1.0
2026-08-07,OGN-299 Kai'Sa Daughter of the Void,14804169,299*,Signature Overnumber,268,37,313,0.8562
2026-08-07,OGN-300 Volibear Relentless Storm,14804170,300*,Signature Overnumber,172,14,187,0.9198
2026-08-07,OGN-301 Jinx Loose Cannon,14804171,301*,Signature Overnumber,205,15,222,0.9234
2026-08-07,OGN-302 Darius Hand of Noxus,14804172,302*,Signature Overnumber,171,32,211,0.8104
2026-08-07,OGN-303 Ahri Nine-Tailed Fox,14804173,303*,Signature Overnumber,334,33,371,0.9003
2026-08-07,OGN-304 Lee Sin Blind Monk,14804174,304*,Signature Overnumber,200,44,246,0.813
2026-08-07,OGN-305 Yasuo Unforgiven,14804175,305*,Signature Overnumber,192,27,221,0.8688
2026-08-07,OGN-306 Leona Radiant Dawn,14804176,306*,Signature Overnumber,148,21,172,0.8605
2026-08-07,OGN-307 Teemo Swift Scout,14804177,307*,Signature Overnumber,209,40,251,0.8327
2026-08-07,OGN-308 Viktor Herald of the Arcane,14804178,308*,Signature Overnumber,175,17,193,0.9067
2026-08-07,OGN-309 Miss Fortune Bounty Hunter,14804179,309*,Signature Overnumber,200,31,235,0.8511
2026-08-07,OGN-310 Sett The Boss,14804180,310*,Signature Overnumber,159,25,185,0.8595
2026-08-07,SFD-223 Vayne Hunter,15332537,223*,Signature Overnumber,295,13,312,0.9455
2026-08-07,SFD-224 Aphelios Exalted,15332538,224*,Signature Overnumber,177,20,199,0.8894
2026-08-07,SFD-225 Irelia Fervent,15332539,225*,Signature Overnumber,237,29,270,0.8778
2026-08-07,SFD-227 Ahri Inquisitive,15332540,227*,Signature Overnumber,393,20,422,0.9313
2026-08-07,SFD-228 Bard Mercurial,15332541,228*,Signature Overnumber,141,4,146,0.9658
2026-08-07,SFD-230 Teemo Strategist,15332542,230*,Signature Overnumber,211,14,229,0.9214
2026-08-07,SFD-232 Sett Brawler,15332543,232*,Signature Overnumber,143,22,169,0.8462
2026-08-07,SFD-233 Yone Blademaster,15332544,233*,Signature Overnumber,186,19,210,0.8857
2026-08-07,SFD-235 Yasuo Windrider,15332545,235*,Signature Overnumber,176,21,201,0.8756
2026-08-07,SFD-236 Darius Executioner,15332546,236*,Signature Overnumber,145,16,167,0.8683
2026-08-07,SFD-237 Karma Channeler,15332547,237*,Signature Overnumber,158,8,167,0.9461
2026-08-07,SFD-239 Soraka Wanderer,15332548,239*,Signature Overnumber,215,18,234,0.9188
2026-08-07,UNL-226 Jhin Virtuoso,15951352,226*,Signature Overnumber,20,2,22,0.9091
2026-08-07,UNL-227 Rengar Pridestalker,15951353,227*,Signature Overnumber,24,0,24,1.0
2026-08-07,UNL-228 Pyke Bloodharbor Ripper,15951354,228*,Signature Overnumber,37,2,39,0.9487
2026-08-07,UNL-229 Vi Piltover Enforcer,15951355,229*,Signature Overnumber,31,12,44,0.7045
2026-08-07,UNL-230 Lillia Bashful Bloom,15951356,230*,Signature Overnumber,25,2,28,0.8929
2026-08-07,UNL-231 Master Yi Wuju Master,15951357,231*,Signature Overnumber,19,2,21,0.9048
2026-08-07,UNL-232 Vex Gloomist,15951358,232*,Signature Overnumber,26,1,28,0.9286
2026-08-07,UNL-233 Ivern Green Father,15951359,233*,Signature Overnumber,15,1,16,0.9375
2026-08-07,UNL-234 Diana Scorn of the Moon,15951360,234*,Signature Overnumber,65,7,73,0.8904
2026-08-07,UNL-235 Leblanc Deceiver,15951361,235*,Signature Overnumber,32,7,39,0.8205
2026-08-07,UNL-236 Kha'Zix Voidreaver,15951362,236*,Signature Overnumber,12,0,12,1.0
2026-08-07,UNL-237 Poppy Keeper of the Hammer,15951363,237*,Signature Overnumber,27,0,27,1.0
2026-08-08,OGN-299 Kai'Sa Daughter of the Void,14804169,299*,Signature Overnumber,269,37,314,0.8567
2026-08-08,OGN-300 Volibear Relentless Storm,14804170,300*,Signature Overnumber,173,14,188,0.9202
2026-08-08,OGN-301 Jinx Loose Cannon,14804171,301*,Signature Overnumber,205,15,222,0.9234
2026-08-08,OGN-302 Darius Hand of Noxus,14804172,302*,Signature Overnumber,172,32,212,0.8113
2026-08-08,OGN-303 Ahri Nine-Tailed Fox,14804173,303*,Signature Overnumber,336,33,373,0.9008
2026-08-08,OGN-304 Lee Sin Blind Monk,14804174,304*,Signature Overnumber,200,44,246,0.813
2026-08-08,OGN-305 Yasuo Unforgiven,14804175,305*,Signature Overnumber,193,27,222,0.8694
2026-08-08,OGN-306 Leona Radiant Dawn,14804176,306*,Signature Overnumber,148,21,172,0.8605
2026-08-08,OGN-307 Teemo Swift Scout,14804177,307*,Signature Overnumber,209,40,252,0.8294
2026-08-08,OGN-308 Viktor Herald of the Arcane,14804178,308*,Signature Overnumber,176,17,194,0.9072
2026-08-08,OGN-309 Miss Fortune Bounty Hunter,14804179,309*,Signature Overnumber,200,32,236,0.8475
2026-08-08,OGN-310 Sett The Boss,14804180,310*,Signature Overnumber,159,25,185,0.8595
2026-08-08,SFD-223 Vayne Hunter,15332537,223*,Signature Overnumber,296,13,313,0.9457
2026-08-08,SFD-224 Aphelios Exalted,15332538,224*,Signature Overnumber,179,20,201,0.8905
2026-08-08,SFD-225 Irelia Fervent,15332539,225*,Signature Overnumber,237,29,270,0.8778
2026-08-08,SFD-227 Ahri Inquisitive,15332540,227*,Signature Overnumber,393,20,422,0.9313
2026-08-08,SFD-228 Bard Mercurial,15332541,228*,Signature Overnumber,141,4,146,0.9658
2026-08-08,SFD-230 Teemo Strategist,15332542,230*,Signature Overnumber,213,14,231,0.9221
2026-08-08,SFD-232 Sett Brawler,15332543,232*,Signature Overnumber,143,22,169,0.8462
2026-08-08,SFD-233 Yone Blademaster,15332544,233*,Signature Overnumber,186,19,210,0.8857
2026-08-08,SFD-235 Yasuo Windrider,15332545,235*,Signature Overnumber,177,21,202,0.8762
2026-08-08,SFD-236 Darius Executioner,15332546,236*,Signature Overnumber,145,17,168,0.8631
2026-08-08,SFD-237 Karma Channeler,15332547,237*,Signature Overnumber,158,8,167,0.9461
2026-08-08,SFD-239 Soraka Wanderer,15332548,239*,Signature Overnumber,215,19,235,0.9149
2026-08-08,UNL-226 Jhin Virtuoso,15951352,226*,Signature Overnumber,21,2,23,0.913
2026-08-08,UNL-227 Rengar Pridestalker,15951353,227*,Signature Overnumber,24,0,24,1.0
2026-08-08,UNL-228 Pyke Bloodharbor Ripper,15951354,228*,Signature Overnumber,37,2,39,0.9487
2026-08-08,UNL-229 Vi Piltover Enforcer,15951355,229*,Signature Overnumber,31,12,44,0.7045
2026-08-08,UNL-230 Lillia Bashful Bloom,15951356,230*,Signature Overnumber,25,2,28,0.8929
2026-08-08,UNL-231 Master Yi Wuju Master,15951357,231*,Signature Overnumber,19,2,21,0.9048
2026-08-08,UNL-232 Vex Gloomist,15951358,232*,Signature Overnumber,26,1,28,0.9286
2026-08-08,UNL-233 Ivern Green Father,15951359,233*,Signature Overnumber,15,1,16,0.9375
2026-08-08,UNL-234 Diana Scorn of the Moon,15951360,234*,Signature Overnumber,66,7,74,0.8919
2026-08-08,UNL-235 Leblanc Deceiver,15951361,235*,Signature Overnumber,35,7,42,0.8333
2026-08-08,UNL-236 Kha'Zix Voidreaver,15951362,236*,Signature Overnumber,13,0,13,1.0
2026-08-08,UNL-237 Poppy Keeper of the Hammer,15951363,237*,Signature Overnumber,27,0,27,1.0
2026-08-09,OGN-299 Kai'Sa Daughter of the Void,14804169,299*,Signature Overnumber,269,37,314,0.8567
2026-08-09,OGN-300 Volibear Relentless Storm,14804170,300*,Signature Overnumber,173,14,188,0.9202
2026-08-09,OGN-301 Jinx Loose Cannon,14804171,301*,Signature Overnumber,205,15,222,0.9234
2026-08-09,OGN-302 Darius Hand of Noxus,14804172,302*,Signature Overnumber,172,32,212,0.8113
2026-08-09,OGN-303 Ahri Nine-Tailed Fox,14804173,303*,Signature Overnumber,336,33,373,0.9008
2026-08-09,OGN-304 Lee Sin Blind Monk,14804174,304*,Signature Overnumber,200,44,246,0.813
2026-08-09,OGN-305 Yasuo Unforgiven,14804175,305*,Signature Overnumber,193,27,222,0.8694
2026-08-09,OGN-306 Leona Radiant Dawn,14804176,306*,Signature Overnumber,148,21,172,0.8605
2026-08-09,OGN-307 Teemo Swift Scout,14804177,307*,Signature Overnumber,209,40,252,0.8294
2026-08-09,OGN-308 Viktor Herald of the Arcane,14804178,308*,Signature Overnumber,176,17,194,0.9072
2026-08-09,OGN-309 Miss Fortune Bounty Hunter,14804179,309*,Signature Overnumber,200,32,236,0.8475
2026-08-09,OGN-310 Sett The Boss,14804180,310*,Signature Overnumber,159,25,185,0.8595
2026-08-09,SFD-223 Vayne Hunter,15332537,223*,Signature Overnumber,296,13,313,0.9457
2026-08-09,SFD-224 Aphelios Exalted,15332538,224*,Signature Overnumber,179,20,201,0.8905
2026-08-09,SFD-225 Irelia Fervent,15332539,225*,Signature Overnumber,237,30,271,0.8745
2026-08-09,SFD-227 Ahri Inquisitive,15332540,227*,Signature Overnumber,394,20,423,0.9314
2026-08-09,SFD-228 Bard Mercurial,15332541,228*,Signature Overnumber,141,4,146,0.9658
2026-08-09,SFD-230 Teemo Strategist,15332542,230*,Signature Overnumber,213,14,231,0.9221
2026-08-09,SFD-232 Sett Brawler,15332543,232*,Signature Overnumber,143,22,169,0.8462
2026-08-09,SFD-233 Yone Blademaster,15332544,233*,Signature Overnumber,186,19,210,0.8857
2026-08-09,SFD-235 Yasuo Windrider,15332545,235*,Signature Overnumber,177,21,202,0.8762
2026-08-09,SFD-236 Darius Executioner,15332546,236*,Signature Overnumber,145,17,168,0.8631
2026-08-09,SFD-237 Karma Channeler,15332547,237*,Signature Overnumber,158,8,167,0.9461
2026-08-09,SFD-239 Soraka Wanderer,15332548,239*,Signature Overnumber,215,19,235,0.9149
2026-08-09,UNL-226 Jhin Virtuoso,15951352,226*,Signature Overnumber,21,2,23,0.913
2026-08-09,UNL-227 Rengar Pridestalker,15951353,227*,Signature Overnumber,24,0,24,1.0
2026-08-09,UNL-228 Pyke Bloodharbor Ripper,15951354,228*,Signature Overnumber,37,2,39,0.9487
2026-08-09,UNL-229 Vi Piltover Enforcer,15951355,229*,Signature Overnumber,31,12,44,0.7045
2026-08-09,UNL-230 Lillia Bashful Bloom,15951356,230*,Signature Overnumber,25,2,28,0.8929
2026-08-09,UNL-231 Master Yi Wuju Master,15951357,231*,Signature Overnumber,19,2,21,0.9048
2026-08-09,UNL-232 Vex Gloomist,15951358,232*,Signature Overnumber,26,1,28,0.9286
2026-08-09,UNL-233 Ivern Green Father,15951359,233*,Signature Overnumber,15,1,16,0.9375
2026-08-09,UNL-234 Diana Scorn of the Moon,15951360,234*,Signature Overnumber,66,7,74,0.8919
2026-08-09,UNL-235 Leblanc Deceiver,15951361,235*,Signature Overnumber,35,8,43,0.814
2026-08-09,UNL-236 Kha'Zix Voidreaver,15951362,236*,Signature Overnumber,13,0,13,1.0
2026-08-09,UNL-237 Poppy Keeper of the Hammer,15951363,237*,Signature Overnumber,27,0,27,1.0
2026-08-10,OGN-299 Kai'Sa Daughter of the Void,14804169,299*,Signature Overnumber,269,37,314,0.8567
2026-08-10,OGN-300 Volibear Relentless Storm,14804170,300*,Signature Overnumber,173,14,188,0.9202
2026-08-10,OGN-301 Jinx Loose Cannon,14804171,301*,Signature Overnumber,205,15,222,0.9234
2026-08-10,OGN-302 Darius Hand of Noxus,14804172,302*,Signature Overnumber,172,32,212,0.8113
2026-08-10,OGN-303 Ahri Nine-Tailed Fox,14804173,303*,Signature Overnumber,336,33,373,0.9008
2026-08-10,OGN-304 Lee Sin Blind Monk,14804174,304*,Signature Overnumber,200,44,246,0.813
2026-08-10,OGN-305 Yasuo Unforgiven,14804175,305*,Signature Overnumber,193,27,222,0.8694
2026-08-10,OGN-306 Leona Radiant Dawn,14804176,306*,Signature Overnumber,148,21,172,0.8605
2026-08-10,OGN-307 Teemo Swift Scout,14804177,307*,Signature Overnumber,209,40,252,0.8294
2026-08-10,OGN-308 Viktor Herald of the Arcane,14804178,308*,Signature Overnumber,176,17,194,0.9072
2026-08-10,OGN-309 Miss Fortune Bounty Hunter,14804179,309*,Signature Overnumber,200,32,236,0.8475
2026-08-10,OGN-310 Sett The Boss,14804180,310*,Signature Overnumber,159,25,185,0.8595
2026-08-10,SFD-223 Vayne Hunter,15332537,223*,Signature Overnumber,296,13,313,0.9457
2026-08-10,SFD-224 Aphelios Exalted,15332538,224*,Signature Overnumber,179,20,201,0.8905
2026-08-10,SFD-225 Irelia Fervent,15332539,225*,Signature Overnumber,237,30,271,0.8745
2026-08-10,SFD-227 Ahri Inquisitive,15332540,227*,Signature Overnumber,394,20,423,0.9314
2026-08-10,SFD-228 Bard Mercurial,15332541,228*,Signature Overnumber,141,4,146,0.9658
2026-08-10,SFD-230 Teemo Strategist,15332542,230*,Signature Overnumber,213,14,231,0.9221
2026-08-10,SFD-232 Sett Brawler,15332543,232*,Signature Overnumber,143,22,169,0.8462
2026-08-10,SFD-233 Yone Blademaster,15332544,233*,Signature Overnumber,186,19,210,0.8857
2026-08-10,SFD-235 Yasuo Windrider,15332545,235*,Signature Overnumber,177,21,202,0.8762
2026-08-10,SFD-236 Darius Executioner,15332546,236*,Signature Overnumber,145,17,168,0.8631
2026-08-10,SFD-237 Karma Channeler,15332547,237*,Signature Overnumber,158,8,167,0.9461
2026-08-10,SFD-239 Soraka Wanderer,15332548,239*,Signature Overnumber,215,19,235,0.9149
2026-08-10,UNL-226 Jhin Virtuoso,15951352,226*,Signature Overnumber,21,2,23,0.913
2026-08-10,UNL-227 Rengar Pridestalker,15951353,227*,Signature Overnumber,24,0,24,1.0
2026-08-10,UNL-228 Pyke Bloodharbor Ripper,15951354,228*,Signature Overnumber,37,2,39,0.9487
2026-08-10,UNL-229 Vi Piltover Enforcer,15951355,229*,Signature Overnumber,31,12,44,0.7045
2026-08-10,UNL-230 Lillia Bashful Bloom,15951356,230*,Signature Overnumber,25,2,28,0.8929
2026-08-10,UNL-231 Master Yi Wuju Master,15951357,231*,Signature Overnumber,19,2,21,0.9048
2026-08-10,UNL-232 Vex Gloomist,15951358,232*,Signature Overnumber,26,1,28,0.9286
2026-08-10,UNL-233 Ivern Green Father,15951359,233*,Signature Overnumber,15,1,16,0.9375
2026-08-10,UNL-234 Diana Scorn of the Moon,15951360,234*,Signature Overnumber,66,7,74,0.8919
2026-08-10,UNL-235 Leblanc Deceiver,15951361,235*,Signature Overnumber,35,8,43,0.814
2026-08-10,UNL-236 Kha'Zix Voidreaver,15951362,236*,Signature Overnumber,13,0,13,1.0
2026-08-10,UNL-237 Poppy Keeper of the Hammer,15951363,237*,Signature Overnumber,27,0,27,1.0
2026-08-11,OGN-299 Kai'Sa Daughter of the Void,14804169,299*,Signature Overnumber,269,38,315,0.854
2026-08-11,OGN-300 Volibear Relentless Storm,14804170,300*,Signature Overnumber,174,14,189,0.9206
2026-08-11,OGN-301 Jinx Loose Cannon,14804171,301*,Signature Overnumber,205,15,222,0.9234
2026-08-11,OGN-302 Darius Hand of Noxus,14804172,302*,Signature Overnumber,172,32,212,0.8113
2026-08-11,OGN-303 Ahri Nine-Tailed Fox,14804173,303*,Signature Overnumber,339,33,376,0.9016
2026-08-11,OGN-304 Lee Sin Blind Monk,14804174,304*,Signature Overnumber,201,44,247,0.8138
2026-08-11,OGN-305 Yasuo Unforgiven,14804175,305*,Signature Overnumber,193,27,222,0.8694
2026-08-11,OGN-306 Leona Radiant Dawn,14804176,306*,Signature Overnumber,149,21,173,0.8613
2026-08-11,OGN-307 Teemo Swift Scout,14804177,307*,Signature Overnumber,211,40,254,0.8307
2026-08-11,OGN-308 Viktor Herald of the Arcane,14804178,308*,Signature Overnumber,179,17,197,0.9086
2026-08-11,OGN-309 Miss Fortune Bounty Hunter,14804179,309*,Signature Overnumber,205,32,241,0.8506
2026-08-11,OGN-310 Sett The Boss,14804180,310*,Signature Overnumber,159,25,185,0.8595
2026-08-11,SFD-223 Vayne Hunter,15332537,223*,Signature Overnumber,302,13,319,0.9467
2026-08-11,SFD-224 Aphelios Exalted,15332538,224*,Signature Overnumber,182,20,204,0.8922
2026-08-11,SFD-225 Irelia Fervent,15332539,225*,Signature Overnumber,238,31,273,0.8718
2026-08-11,SFD-227 Ahri Inquisitive,15332540,227*,Signature Overnumber,404,20,433,0.933
2026-08-11,SFD-228 Bard Mercurial,15332541,228*,Signature Overnumber,143,4,148,0.9662
2026-08-11,SFD-230 Teemo Strategist,15332542,230*,Signature Overnumber,217,14,235,0.9234
2026-08-11,SFD-232 Sett Brawler,15332543,232*,Signature Overnumber,145,22,171,0.848
2026-08-11,SFD-233 Yone Blademaster,15332544,233*,Signature Overnumber,188,19,212,0.8868
2026-08-11,SFD-235 Yasuo Windrider,15332545,235*,Signature Overnumber,179,21,204,0.8775
2026-08-11,SFD-236 Darius Executioner,15332546,236*,Signature Overnumber,146,17,169,0.8639
2026-08-11,SFD-237 Karma Channeler,15332547,237*,Signature Overnumber,158,8,167,0.9461
2026-08-11,SFD-239 Soraka Wanderer,15332548,239*,Signature Overnumber,216,19,236,0.9153
2026-08-11,UNL-226 Jhin Virtuoso,15951352,226*,Signature Overnumber,22,2,24,0.9167
2026-08-11,UNL-227 Rengar Pridestalker,15951353,227*,Signature Overnumber,25,0,25,1.0
2026-08-11,UNL-228 Pyke Bloodharbor Ripper,15951354,228*,Signature Overnumber,38,4,42,0.9048
2026-08-11,UNL-229 Vi Piltover Enforcer,15951355,229*,Signature Overnumber,38,12,51,0.7451
2026-08-11,UNL-230 Lillia Bashful Bloom,15951356,230*,Signature Overnumber,26,2,29,0.8966
2026-08-11,UNL-231 Master Yi Wuju Master,15951357,231*,Signature Overnumber,23,2,25,0.92
2026-08-11,UNL-232 Vex Gloomist,15951358,232*,Signature Overnumber,26,1,28,0.9286
2026-08-11,UNL-233 Ivern Green Father,15951359,233*,Signature Overnumber,15,1,16,0.9375
2026-08-11,UNL-234 Diana Scorn of the Moon,15951360,234*,Signature Overnumber,76,8,85,0.8941
2026-08-11,UNL-235 Leblanc Deceiver,15951361,235*,Signature Overnumber,36,8,44,0.8182
2026-08-11,UNL-236 Kha'Zix Voidreaver,15951362,236*,Signature Overnumber,13,0,13,1.0
2026-08-11,UNL-237 Poppy Keeper of the Hammer,15951363,237*,Signature Overnumber,28,0,28,1.0
2026-08-12,OGN-299 Kai'Sa Daughter of the Void,14804169,299*,Signature Overnumber,271,38,317,0.8549
2026-08-12,OGN-300 Volibear Relentless Storm,14804170,300*,Signature Overnumber,174,14,189,0.9206
2026-08-12,OGN-301 Jinx Loose Cannon,14804171,301*,Signature Overnumber,206,15,223,0.9238
2026-08-12,OGN-302 Darius Hand of Noxus,14804172,302*,Signature Overnumber,172,32,212,0.8113
2026-08-12,OGN-303 Ahri Nine-Tailed Fox,14804173,303*,Signature Overnumber,341,33,378,0.9021
2026-08-12,OGN-304 Lee Sin Blind Monk,14804174,304*,Signature Overnumber,203,44,249,0.8153
2026-08-12,OGN-305 Yasuo Unforgiven,14804175,305*,Signature Overnumber,195,27,224,0.8705
2026-08-12,OGN-306 Leona Radiant Dawn,14804176,306*,Signature Overnumber,150,21,174,0.8621
2026-08-12,OGN-307 Teemo Swift Scout,14804177,307*,Signature Overnumber,212,40,255,0.8314
2026-08-12,OGN-308 Viktor Herald of the Arcane,14804178,308*,Signature Overnumber,179,17,197,0.9086
2026-08-12,OGN-309 Miss Fortune Bounty Hunter,14804179,309*,Signature Overnumber,207,33,244,0.8484
2026-08-12,OGN-310 Sett The Boss,14804180,310*,Signature Overnumber,160,25,186,0.8602
2026-08-12,SFD-223 Vayne Hunter,15332537,223*,Signature Overnumber,304,13,321,0.947
2026-08-12,SFD-224 Aphelios Exalted,15332538,224*,Signature Overnumber,182,20,204,0.8922
2026-08-12,SFD-225 Irelia Fervent,15332539,225*,Signature Overnumber,244,31,279,0.8746
2026-08-12,SFD-227 Ahri Inquisitive,15332540,227*,Signature Overnumber,406,20,436,0.9312
2026-08-12,SFD-228 Bard Mercurial,15332541,228*,Signature Overnumber,143,4,148,0.9662
2026-08-12,SFD-230 Teemo Strategist,15332542,230*,Signature Overnumber,217,15,236,0.9195
2026-08-12,SFD-232 Sett Brawler,15332543,232*,Signature Overnumber,148,22,174,0.8506
2026-08-12,SFD-233 Yone Blademaster,15332544,233*,Signature Overnumber,189,19,213,0.8873
2026-08-12,SFD-235 Yasuo Windrider,15332545,235*,Signature Overnumber,181,21,206,0.8786
2026-08-12,SFD-236 Darius Executioner,15332546,236*,Signature Overnumber,146,17,169,0.8639
2026-08-12,SFD-237 Karma Channeler,15332547,237*,Signature Overnumber,159,8,168,0.9464
2026-08-12,SFD-239 Soraka Wanderer,15332548,239*,Signature Overnumber,217,19,237,0.9156
2026-08-12,UNL-226 Jhin Virtuoso,15951352,226*,Signature Overnumber,23,3,26,0.8846
2026-08-12,UNL-227 Rengar Pridestalker,15951353,227*,Signature Overnumber,25,0,25,1.0
2026-08-12,UNL-228 Pyke Bloodharbor Ripper,15951354,228*,Signature Overnumber,40,4,44,0.9091
2026-08-12,UNL-229 Vi Piltover Enforcer,15951355,229*,Signature Overnumber,39,12,52,0.75
2026-08-12,UNL-230 Lillia Bashful Bloom,15951356,230*,Signature Overnumber,26,3,30,0.8667
2026-08-12,UNL-231 Master Yi Wuju Master,15951357,231*,Signature Overnumber,24,2,26,0.9231
2026-08-12,UNL-232 Vex Gloomist,15951358,232*,Signature Overnumber,26,1,28,0.9286
2026-08-12,UNL-233 Ivern Green Father,15951359,233*,Signature Overnumber,15,1,16,0.9375
2026-08-12,UNL-234 Diana Scorn of the Moon,15951360,234*,Signature Overnumber,80,9,90,0.8889
2026-08-12,UNL-235 Leblanc Deceiver,15951361,235*,Signature Overnumber,37,8,45,0.8222
2026-08-12,UNL-236 Kha'Zix Voidreaver,15951362,236*,Signature Overnumber,15,0,15,1.0
2026-08-12,UNL-237 Poppy Keeper of the Hammer,15951363,237*,Signature Overnumber,29,0,29,1.0
2026-08-13,OGN-299 Kai'Sa Daughter of the Void,14804169,299*,Signature Overnumber,277,39,324,0.8549
2026-08-13,OGN-300 Volibear Relentless Storm,14804170,300*,Signature Overnumber,175,14,190,0.9211
2026-08-13,OGN-301 Jinx Loose Cannon,14804171,301*,Signature Overnumber,206,15,223,0.9238
2026-08-13,OGN-302 Darius Hand of Noxus,14804172,302*,Signature Overnumber,173,33,214,0.8084
2026-08-13,OGN-303 Ahri Nine-Tailed Fox,14804173,303*,Signature Overnumber,341,34,379,0.8997
2026-08-13,OGN-304 Lee Sin Blind Monk,14804174,304*,Signature Overnumber,205,44,251,0.8167
2026-08-13,OGN-305 Yasuo Unforgiven,14804175,305*,Signature Overnumber,197,27,226,0.8717
2026-08-13,OGN-306 Leona Radiant Dawn,14804176,306*,Signature Overnumber,150,21,174,0.8621
2026-08-13,OGN-307 Teemo Swift Scout,14804177,307*,Signature Overnumber,214,41,258,0.8295
2026-08-13,OGN-308 Viktor Herald of the Arcane,14804178,308*,Signature Overnumber,179,17,197,0.9086
2026-08-13,OGN-309 Miss Fortune Bounty Hunter,14804179,309*,Signature Overnumber,209,33,246,0.8496
2026-08-13,OGN-310 Sett The Boss,14804180,310*,Signature Overnumber,161,26,188,0.8564
2026-08-13,SFD-223 Vayne Hunter,15332537,223*,Signature Overnumber,308,13,325,0.9477
2026-08-13,SFD-224 Aphelios Exalted,15332538,224*,Signature Overnumber,183,21,206,0.8883
2026-08-13,SFD-225 Irelia Fervent,15332539,225*,Signature Overnumber,248,32,284,0.8732
2026-08-13,SFD-227 Ahri Inquisitive,15332540,227*,Signature Overnumber,410,20,440,0.9318
2026-08-13,SFD-228 Bard Mercurial,15332541,228*,Signature Overnumber,143,5,150,0.9533
2026-08-13,SFD-230 Teemo Strategist,15332542,230*,Signature Overnumber,220,15,239,0.9205
2026-08-13,SFD-232 Sett Brawler,15332543,232*,Signature Overnumber,150,22,176,0.8523
2026-08-13,SFD-233 Yone Blademaster,15332544,233*,Signature Overnumber,189,20,214,0.8832
2026-08-13,SFD-235 Yasuo Windrider,15332545,235*,Signature Overnumber,182,21,207,0.8792
2026-08-13,SFD-236 Darius Executioner,15332546,236*,Signature Overnumber,146,17,169,0.8639
2026-08-13,SFD-237 Karma Channeler,15332547,237*,Signature Overnumber,164,8,173,0.948
2026-08-13,SFD-239 Soraka Wanderer,15332548,239*,Signature Overnumber,220,20,241,0.9129
2026-08-13,UNL-226 Jhin Virtuoso,15951352,226*,Signature Overnumber,23,3,26,0.8846
2026-08-13,UNL-227 Rengar Pridestalker,15951353,227*,Signature Overnumber,25,0,25,1.0
2026-08-13,UNL-228 Pyke Bloodharbor Ripper,15951354,228*,Signature Overnumber,40,4,44,0.9091
2026-08-13,UNL-229 Vi Piltover Enforcer,15951355,229*,Signature Overnumber,39,12,52,0.75
2026-08-13,UNL-230 Lillia Bashful Bloom,15951356,230*,Signature Overnumber,26,3,30,0.8667
2026-08-13,UNL-231 Master Yi Wuju Master,15951357,231*,Signature Overnumber,24,2,26,0.9231
2026-08-13,UNL-232 Vex Gloomist,15951358,232*,Signature Overnumber,26,1,28,0.9286
2026-08-13,UNL-233 Ivern Green Father,15951359,233*,Signature Overnumber,15,1,16,0.9375
2026-08-13,UNL-234 Diana Scorn of the Moon,15951360,234*,Signature Overnumber,81,9,91,0.8901
2026-08-13,UNL-235 Leblanc Deceiver,15951361,235*,Signature Overnumber,38,9,47,0.8085
2026-08-13,UNL-236 Kha'Zix Voidreaver,15951362,236*,Signature Overnumber,15,0,15,1.0
2026-08-13,UNL-237 Poppy Keeper of the Hammer,15951363,237*,Signature Overnumber,29,0,29,1.0
2026-08-14,OGN-299 Kai'Sa Daughter of the Void,14804169,299*,Signature Overnumber,278,39,325,0.8554
2026-08-14,OGN-300 Volibear Relentless Storm,14804170,300*,Signature Overnumber,176,14,191,0.9215
2026-08-14,OGN-301 Jinx Loose Cannon,14804171,301*,Signature Overnumber,209,15,226,0.9248
2026-08-14,OGN-302 Darius Hand of Noxus,14804172,302*,Signature Overnumber,175,33,216,0.8102
2026-08-14,OGN-303 Ahri Nine-Tailed Fox,14804173,303*,Signature Overnumber,342,34,380,0.9
2026-08-14,OGN-304 Lee Sin Blind Monk,14804174,304*,Signature Overnumber,207,44,253,0.8182
2026-08-14,OGN-305 Yasuo Unforgiven,14804175,305*,Signature Overnumber,199,27,228,0.8728
2026-08-14,OGN-306 Leona Radiant Dawn,14804176,306*,Signature Overnumber,150,21,174,0.8621
2026-08-14,OGN-307 Teemo Swift Scout,14804177,307*,Signature Overnumber,215,41,259,0.8301
2026-08-14,OGN-308 Viktor Herald of the Arcane,14804178,308*,Signature Overnumber,179,17,197,0.9086
2026-08-14,OGN-309 Miss Fortune Bounty Hunter,14804179,309*,Signature Overnumber,211,33,248,0.8508
2026-08-14,OGN-310 Sett The Boss,14804180,310*,Signature Overnumber,161,26,188,0.8564
2026-08-14,SFD-223 Vayne Hunter,15332537,223*,Signature Overnumber,311,13,328,0.9482
2026-08-14,SFD-224 Aphelios Exalted,15332538,224*,Signature Overnumber,183,22,207,0.8841
2026-08-14,SFD-225 Irelia Fervent,15332539,225*,Signature Overnumber,249,32,285,0.8737
2026-08-14,SFD-227 Ahri Inquisitive,15332540,227*,Signature Overnumber,411,20,441,0.932
2026-08-14,SFD-228 Bard Mercurial,15332541,228*,Signature Overnumber,144,6,152,0.9474
2026-08-14,SFD-230 Teemo Strategist,15332542,230*,Signature Overnumber,221,15,240,0.9208
2026-08-14,SFD-232 Sett Brawler,15332543,232*,Signature Overnumber,150,22,176,0.8523
2026-08-14,SFD-233 Yone Blademaster,15332544,233*,Signature Overnumber,191,20,216,0.8843
2026-08-14,SFD-235 Yasuo Windrider,15332545,235*,Signature Overnumber,184,21,209,0.8804
2026-08-14,SFD-236 Darius Executioner,15332546,236*,Signature Overnumber,147,17,170,0.8647
2026-08-14,SFD-237 Karma Channeler,15332547,237*,Signature Overnumber,167,8,176,0.9489
2026-08-14,SFD-239 Soraka Wanderer,15332548,239*,Signature Overnumber,220,20,241,0.9129
2026-08-14,UNL-226 Jhin Virtuoso,15951352,226*,Signature Overnumber,24,3,27,0.8889
2026-08-14,UNL-227 Rengar Pridestalker,15951353,227*,Signature Overnumber,26,0,26,1.0
2026-08-14,UNL-228 Pyke Bloodharbor Ripper,15951354,228*,Signature Overnumber,42,4,46,0.913
2026-08-14,UNL-229 Vi Piltover Enforcer,15951355,229*,Signature Overnumber,40,12,53,0.7547
2026-08-14,UNL-230 Lillia Bashful Bloom,15951356,230*,Signature Overnumber,26,3,30,0.8667
2026-08-14,UNL-231 Master Yi Wuju Master,15951357,231*,Signature Overnumber,24,2,26,0.9231
2026-08-14,UNL-232 Vex Gloomist,15951358,232*,Signature Overnumber,27,1,29,0.931
2026-08-14,UNL-233 Ivern Green Father,15951359,233*,Signature Overnumber,16,1,17,0.9412
2026-08-14,UNL-234 Diana Scorn of the Moon,15951360,234*,Signature Overnumber,83,9,93,0.8925
2026-08-14,UNL-235 Leblanc Deceiver,15951361,235*,Signature Overnumber,38,9,47,0.8085
2026-08-14,UNL-236 Kha'Zix Voidreaver,15951362,236*,Signature Overnumber,15,0,15,1.0
2026-08-14,UNL-237 Poppy Keeper of the Hammer,15951363,237*,Signature Overnumber,30,0,30,1.0
2026-08-15,OGN-299 Kai'Sa Daughter of the Void,14804169,299*,Signature Overnumber,278,39,325,0.8554
2026-08-15,OGN-300 Volibear Relentless Storm,14804170,300*,Signature Overnumber,177,14,192,0.9219
2026-08-15,OGN-301 Jinx Loose Cannon,14804171,301*,Signature Overnumber,209,16,227,0.9207
2026-08-15,OGN-302 Darius Hand of Noxus,14804172,302*,Signature Overnumber,175,33,216,0.8102
2026-08-15,OGN-303 Ahri Nine-Tailed Fox,14804173,303*,Signature Overnumber,343,34,381,0.9003
2026-08-15,OGN-304 Lee Sin Blind Monk,14804174,304*,Signature Overnumber,208,44,254,0.8189
2026-08-15,OGN-305 Yasuo Unforgiven,14804175,305*,Signature Overnumber,199,27,228,0.8728
2026-08-15,OGN-306 Leona Radiant Dawn,14804176,306*,Signature Overnumber,151,21,175,0.8629
2026-08-15,OGN-307 Teemo Swift Scout,14804177,307*,Signature Overnumber,215,41,259,0.8301
2026-08-15,OGN-308 Viktor Herald of the Arcane,14804178,308*,Signature Overnumber,179,17,197,0.9086
2026-08-15,OGN-309 Miss Fortune Bounty Hunter,14804179,309*,Signature Overnumber,211,33,248,0.8508
2026-08-15,OGN-310 Sett The Boss,14804180,310*,Signature Overnumber,161,26,188,0.8564
2026-08-15,SFD-223 Vayne Hunter,15332537,223*,Signature Overnumber,312,13,329,0.9483
2026-08-15,SFD-224 Aphelios Exalted,15332538,224*,Signature Overnumber,184,22,208,0.8846
2026-08-15,SFD-225 Irelia Fervent,15332539,225*,Signature Overnumber,249,32,285,0.8737
2026-08-15,SFD-227 Ahri Inquisitive,15332540,227*,Signature Overnumber,412,20,442,0.9321
2026-08-15,SFD-228 Bard Mercurial,15332541,228*,Signature Overnumber,146,6,154,0.9481
2026-08-15,SFD-230 Teemo Strategist,15332542,230*,Signature Overnumber,221,15,240,0.9208
2026-08-15,SFD-232 Sett Brawler,15332543,232*,Signature Overnumber,152,22,178,0.8539
2026-08-15,SFD-233 Yone Blademaster,15332544,233*,Signature Overnumber,191,20,216,0.8843
2026-08-15,SFD-235 Yasuo Windrider,15332545,235*,Signature Overnumber,185,22,211,0.8768
2026-08-15,SFD-236 Darius Executioner,15332546,236*,Signature Overnumber,147,17,170,0.8647
2026-08-15,SFD-237 Karma Channeler,15332547,237*,Signature Overnumber,167,8,176,0.9489
2026-08-15,SFD-239 Soraka Wanderer,15332548,239*,Signature Overnumber,220,20,241,0.9129
2026-08-15,UNL-226 Jhin Virtuoso,15951352,226*,Signature Overnumber,24,3,27,0.8889
2026-08-15,UNL-227 Rengar Pridestalker,15951353,227*,Signature Overnumber,27,0,27,1.0
2026-08-15,UNL-228 Pyke Bloodharbor Ripper,15951354,228*,Signature Overnumber,43,4,47,0.9149
2026-08-15,UNL-229 Vi Piltover Enforcer,15951355,229*,Signature Overnumber,40,12,53,0.7547
2026-08-15,UNL-230 Lillia Bashful Bloom,15951356,230*,Signature Overnumber,26,3,30,0.8667
2026-08-15,UNL-231 Master Yi Wuju Master,15951357,231*,Signature Overnumber,25,2,27,0.9259
2026-08-15,UNL-232 Vex Gloomist,15951358,232*,Signature Overnumber,28,1,30,0.9333
2026-08-15,UNL-233 Ivern Green Father,15951359,233*,Signature Overnumber,16,1,17,0.9412
2026-08-15,UNL-234 Diana Scorn of the Moon,15951360,234*,Signature Overnumber,84,9,94,0.8936
2026-08-15,UNL-235 Leblanc Deceiver,15951361,235*,Signature Overnumber,38,9,47,0.8085
2026-08-15,UNL-236 Kha'Zix Voidreaver,15951362,236*,Signature Overnumber,16,0,16,1.0
2026-08-15,UNL-237 Poppy Keeper of the Hammer,15951363,237*,Signature Overnumber,32,0,32,1.0
2026-08-16,OGN-299 Kai'Sa Daughter of the Void,14804169,299*,Signature Overnumber,278,39,325,0.8554
2026-08-16,OGN-300 Volibear Relentless Storm,14804170,300*,Signature Overnumber,177,14,192,0.9219
2026-08-16,OGN-301 Jinx Loose Cannon,14804171,301*,Signature Overnumber,209,16,227,0.9207
2026-08-16,OGN-302 Darius Hand of Noxus,14804172,302*,Signature Overnumber,175,33,216,0.8102
2026-08-16,OGN-303 Ahri Nine-Tailed Fox,14804173,303*,Signature Overnumber,343,34,381,0.9003
2026-08-16,OGN-304 Lee Sin Blind Monk,14804174,304*,Signature Overnumber,208,44,254,0.8189
2026-08-16,OGN-305 Yasuo Unforgiven,14804175,305*,Signature Overnumber,199,27,228,0.8728
2026-08-16,OGN-306 Leona Radiant Dawn,14804176,306*,Signature Overnumber,151,21,175,0.8629
2026-08-16,OGN-307 Teemo Swift Scout,14804177,307*,Signature Overnumber,215,41,259,0.8301
2026-08-16,OGN-308 Viktor Herald of the Arcane,14804178,308*,Signature Overnumber,179,17,197,0.9086
2026-08-16,OGN-309 Miss Fortune Bounty Hunter,14804179,309*,Signature Overnumber,211,33,248,0.8508
2026-08-16,OGN-310 Sett The Boss,14804180,310*,Signature Overnumber,161,26,188,0.8564
2026-08-16,SFD-223 Vayne Hunter,15332537,223*,Signature Overnumber,312,13,329,0.9483
2026-08-16,SFD-224 Aphelios Exalted,15332538,224*,Signature Overnumber,184,22,208,0.8846
2026-08-16,SFD-225 Irelia Fervent,15332539,225*,Signature Overnumber,249,32,285,0.8737
2026-08-16,SFD-227 Ahri Inquisitive,15332540,227*,Signature Overnumber,412,20,442,0.9321
2026-08-16,SFD-228 Bard Mercurial,15332541,228*,Signature Overnumber,146,6,154,0.9481
2026-08-16,SFD-230 Teemo Strategist,15332542,230*,Signature Overnumber,221,15,240,0.9208
2026-08-16,SFD-232 Sett Brawler,15332543,232*,Signature Overnumber,152,22,178,0.8539
2026-08-16,SFD-233 Yone Blademaster,15332544,233*,Signature Overnumber,191,20,216,0.8843
2026-08-16,SFD-235 Yasuo Windrider,15332545,235*,Signature Overnumber,185,22,211,0.8768
2026-08-16,SFD-236 Darius Executioner,15332546,236*,Signature Overnumber,147,17,170,0.8647
2026-08-16,SFD-237 Karma Channeler,15332547,237*,Signature Overnumber,167,8,176,0.9489
2026-08-16,SFD-239 Soraka Wanderer,15332548,239*,Signature Overnumber,220,20,241,0.9129
2026-08-16,UNL-226 Jhin Virtuoso,15951352,226*,Signature Overnumber,24,3,27,0.8889
2026-08-16,UNL-227 Rengar Pridestalker,15951353,227*,Signature Overnumber,27,0,27,1.0
2026-08-16,UNL-228 Pyke Bloodharbor Ripper,15951354,228*,Signature Overnumber,43,4,47,0.9149
2026-08-16,UNL-229 Vi Piltover Enforcer,15951355,229*,Signature Overnumber,40,12,53,0.7547
2026-08-16,UNL-230 Lillia Bashful Bloom,15951356,230*,Signature Overnumber,26,3,30,0.8667
2026-08-16,UNL-231 Master Yi Wuju Master,15951357,231*,Signature Overnumber,25,2,27,0.9259
2026-08-16,UNL-232 Vex Gloomist,15951358,232*,Signature Overnumber,28,1,30,0.9333
2026-08-16,UNL-233 Ivern Green Father,15951359,233*,Signature Overnumber,16,1,17,0.9412
2026-08-16,UNL-234 Diana Scorn of the Moon,15951360,234*,Signature Overnumber,84,9,94,0.8936
2026-08-16,UNL-235 Leblanc Deceiver,15951361,235*,Signature Overnumber,38,9,47,0.8085
2026-08-16,UNL-236 Kha'Zix Voidreaver,15951362,236*,Signature Overnumber,16,0,16,1.0
2026-08-16,UNL-237 Poppy Keeper of the Hammer,15951363,237*,Signature Overnumber,32,0,32,1.0
2026-08-17,OGN-299 Kai'Sa Daughter of the Void,14804169,299*,Signature Overnumber,278,39,325,0.8554
2026-08-17,OGN-300 Volibear Relentless Storm,14804170,300*,Signature Overnumber,177,14,192,0.9219
2026-08-17,OGN-301 Jinx Loose Cannon,14804171,301*,Signature Overnumber,209,16,227,0.9207
2026-08-17,OGN-302 Darius Hand of Noxus,14804172,302*,Signature Overnumber,175,33,216,0.8102
2026-08-17,OGN-303 Ahri Nine-Tailed Fox,14804173,303*,Signature Overnumber,343,34,381,0.9003
2026-08-17,OGN-304 Lee Sin Blind Monk,14804174,304*,Signature Overnumber,208,44,254,0.8189
2026-08-17,OGN-305 Yasuo Unforgiven,14804175,305*,Signature Overnumber,199,27,228,0.8728
2026-08-17,OGN-306 Leona Radiant Dawn,14804176,306*,Signature Overnumber,151,21,175,0.8629
2026-08-17,OGN-307 Teemo Swift Scout,14804177,307*,Signature Overnumber,215,41,259,0.8301
2026-08-17,OGN-308 Viktor Herald of the Arcane,14804178,308*,Signature Overnumber,179,17,197,0.9086
2026-08-17,OGN-309 Miss Fortune Bounty Hunter,14804179,309*,Signature Overnumber,211,33,248,0.8508
2026-08-17,OGN-310 Sett The Boss,14804180,310*,Signature Overnumber,161,26,188,0.8564
2026-08-17,SFD-223 Vayne Hunter,15332537,223*,Signature Overnumber,312,13,329,0.9483
2026-08-17,SFD-224 Aphelios Exalted,15332538,224*,Signature Overnumber,184,22,208,0.8846
2026-08-17,SFD-225 Irelia Fervent,15332539,225*,Signature Overnumber,249,32,285,0.8737
2026-08-17,SFD-227 Ahri Inquisitive,15332540,227*,Signature Overnumber,412,20,442,0.9321
2026-08-17,SFD-228 Bard Mercurial,15332541,228*,Signature Overnumber,146,6,154,0.9481
2026-08-17,SFD-230 Teemo Strategist,15332542,230*,Signature Overnumber,221,15,240,0.9208
2026-08-17,SFD-232 Sett Brawler,15332543,232*,Signature Overnumber,152,22,178,0.8539
2026-08-17,SFD-233 Yone Blademaster,15332544,233*,Signature Overnumber,191,20,216,0.8843
2026-08-17,SFD-235 Yasuo Windrider,15332545,235*,Signature Overnumber,185,22,211,0.8768
2026-08-17,SFD-236 Darius Executioner,15332546,236*,Signature Overnumber,147,17,170,0.8647
2026-08-17,SFD-237 Karma Channeler,15332547,237*,Signature Overnumber,167,8,176,0.9489
2026-08-17,SFD-239 Soraka Wanderer,15332548,239*,Signature Overnumber,220,20,241,0.9129
2026-08-17,UNL-226 Jhin Virtuoso,15951352,226*,Signature Overnumber,24,3,27,0.8889
2026-08-17,UNL-227 Rengar Pridestalker,15951353,227*,Signature Overnumber,27,0,27,1.0
2026-08-17,UNL-228 Pyke Bloodharbor Ripper,15951354,228*,Signature Overnumber,43,4,47,0.9149
2026-08-17,UNL-229 Vi Piltover Enforcer,15951355,229*,Signature Overnumber,40,12,53,0.7547
2026-08-17,UNL-230 Lillia Bashful Bloom,15951356,230*,Signature Overnumber,26,3,30,0.8667
2026-08-17,UNL-231 Master Yi Wuju Master,15951357,231*,Signature Overnumber,25,2,27,0.9259
2026-08-17,UNL-232 Vex Gloomist,15951358,232*,Signature Overnumber,28,1,30,0.9333
2026-08-17,UNL-233 Ivern Green Father,15951359,233*,Signature Overnumber,16,1,17,0.9412
2026-08-17,UNL-234 Diana Scorn of the Moon,15951360,234*,Signature Overnumber,84,9,94,0.8936
2026-08-17,UNL-235 Leblanc Deceiver,15951361,235*,Signature Overnumber,38,9,47,0.8085
2026-08-17,UNL-236 Kha'Zix Voidreaver,15951362,236*,Signature Overnumber,16,0,16,1.0
2026-08-17,UNL-237 Poppy Keeper of the Hammer,15951363,237*,Signature Overnumber,32,0,32,1.0
2026-08-18,OGN-299 Kai'Sa Daughter of the Void,14804169,299*,Signature Overnumber,279,39,326,0.8558
2026-08-18,OGN-300 Volibear Relentless Storm,14804170,300*,Signature Overnumber,177,14,192,0.9219
2026-08-18,OGN-301 Jinx Loose Cannon,14804171,301*,Signature Overnumber,211,16,229,0.9214
2026-08-18,OGN-302 Darius Hand of Noxus,14804172,302*,Signature Overnumber,175,33,216,0.8102
2026-08-18,OGN-303 Ahri Nine-Tailed Fox,14804173,303*,Signature Overnumber,343,34,381,0.9003
2026-08-18,OGN-304 Lee Sin Blind Monk,14804174,304*,Signature Overnumber,208,44,254,0.8189
2026-08-18,OGN-305 Yasuo Unforgiven,14804175,305*,Signature Overnumber,200,27,229,0.8734
2026-08-18,OGN-306 Leona Radiant Dawn,14804176,306*,Signature Overnumber,151,21,175,0.8629
2026-08-18,OGN-307 Teemo Swift Scout,14804177,307*,Signature Overnumber,215,41,259,0.8301
2026-08-18,OGN-308 Viktor Herald of the Arcane,14804178,308*,Signature Overnumber,180,17,198,0.9091
2026-08-18,OGN-309 Miss Fortune Bounty Hunter,14804179,309*,Signature Overnumber,213,33,250,0.852
2026-08-18,OGN-310 Sett The Boss,14804180,310*,Signature Overnumber,161,26,188,0.8564
2026-08-18,SFD-223 Vayne Hunter,15332537,223*,Signature Overnumber,313,13,330,0.9485
2026-08-18,SFD-224 Aphelios Exalted,15332538,224*,Signature Overnumber,185,22,209,0.8852
2026-08-18,SFD-225 Irelia Fervent,15332539,225*,Signature Overnumber,251,32,287,0.8746
2026-08-18,SFD-227 Ahri Inquisitive,15332540,227*,Signature Overnumber,413,20,443,0.9323
2026-08-18,SFD-228 Bard Mercurial,15332541,228*,Signature Overnumber,148,6,156,0.9487
2026-08-18,SFD-230 Teemo Strategist,15332542,230*,Signature Overnumber,222,15,241,0.9212
2026-08-18,SFD-232 Sett Brawler,15332543,232*,Signature Overnumber,153,22,179,0.8547
2026-08-18,SFD-233 Yone Blademaster,15332544,233*,Signature Overnumber,192,20,217,0.8848
2026-08-18,SFD-235 Yasuo Windrider,15332545,235*,Signature Overnumber,188,22,214,0.8785
2026-08-18,SFD-236 Darius Executioner,15332546,236*,Signature Overnumber,148,17,171,0.8655
2026-08-18,SFD-237 Karma Channeler,15332547,237*,Signature Overnumber,168,8,177,0.9492
2026-08-18,SFD-239 Soraka Wanderer,15332548,239*,Signature Overnumber,221,20,242,0.9132
2026-08-18,UNL-226 Jhin Virtuoso,15951352,226*,Signature Overnumber,24,3,27,0.8889
2026-08-18,UNL-227 Rengar Pridestalker,15951353,227*,Signature Overnumber,27,0,27,1.0
2026-08-18,UNL-228 Pyke Bloodharbor Ripper,15951354,228*,Signature Overnumber,46,4,51,0.902
2026-08-18,UNL-229 Vi Piltover Enforcer,15951355,229*,Signature Overnumber,40,13,54,0.7407
2026-08-18,UNL-230 Lillia Bashful Bloom,15951356,230*,Signature Overnumber,26,3,30,0.8667
2026-08-18,UNL-231 Master Yi Wuju Master,15951357,231*,Signature Overnumber,25,2,27,0.9259
2026-08-18,UNL-232 Vex Gloomist,15951358,232*,Signature Overnumber,28,1,30,0.9333
2026-08-18,UNL-233 Ivern Green Father,15951359,233*,Signature Overnumber,16,1,17,0.9412
2026-08-18,UNL-234 Diana Scorn of the Moon,15951360,234*,Signature Overnumber,85,9,95,0.8947
2026-08-18,UNL-235 Leblanc Deceiver,15951361,235*,Signature Overnumber,39,10,49,0.7959
2026-08-18,UNL-236 Kha'Zix Voidreaver,15951362,236*,Signature Overnumber,17,0,17,1.0
2026-08-18,UNL-237 Poppy Keeper of the Hammer,15951363,237*,Signature Overnumber,32,0,32,1.0
2026-08-22,OGN-299 Kai'Sa Daughter of the Void,14804169,299*,Signature Overnumber,293,40,341,0.8592
2026-08-22,OGN-300 Volibear Relentless Storm,14804170,300*,Signature Overnumber,180,14,195,0.9231
2026-08-22,OGN-301 Jinx Loose Cannon,14804171,301*,Signature Overnumber,221,18,241,0.917
2026-08-22,OGN-302 Darius Hand of Noxus,14804172,302*,Signature Overnumber,181,34,223,0.8117
2026-08-22,OGN-303 Ahri Nine-Tailed Fox,14804173,303*,Signature Overnumber,355,37,397,0.8942
2026-08-22,OGN-304 Lee Sin Blind Monk,14804174,304*,Signature Overnumber,217,45,264,0.822
2026-08-22,OGN-305 Yasuo Unforgiven,14804175,305*,Signature Overnumber,207,28,237,0.8734
2026-08-22,OGN-306 Leona Radiant Dawn,14804176,306*,Signature Overnumber,156,23,182,0.8571
2026-08-22,OGN-307 Teemo Swift Scout,14804177,307*,Signature Overnumber,225,43,271,0.8303
2026-08-22,OGN-308 Viktor Herald of the Arcane,14804178,308*,Signature Overnumber,193,19,213,0.9061
2026-08-22,OGN-309 Miss Fortune Bounty Hunter,14804179,309*,Signature Overnumber,225,36,265,0.8491
2026-08-22,OGN-310 Sett The Boss,14804180,310*,Signature Overnumber,169,26,196,0.8622
2026-08-22,SFD-223 Vayne Hunter,15332537,223*,Signature Overnumber,327,15,346,0.9451
2026-08-22,SFD-224 Aphelios Exalted,15332538,224*,Signature Overnumber,195,23,220,0.8864
2026-08-22,SFD-225 Irelia Fervent,15332539,225*,Signature Overnumber,266,32,302,0.8808
2026-08-22,SFD-227 Ahri Inquisitive,15332540,227*,Signature Overnumber,423,21,455,0.9297
2026-08-22,SFD-228 Bard Mercurial,15332541,228*,Signature Overnumber,160,7,169,0.9467
2026-08-22,SFD-230 Teemo Strategist,15332542,230*,Signature Overnumber,231,15,250,0.924
2026-08-22,SFD-232 Sett Brawler,15332543,232*,Signature Overnumber,157,22,183,0.8579
2026-08-22,SFD-233 Yone Blademaster,15332544,233*,Signature Overnumber,201,20,226,0.8894
2026-08-22,SFD-235 Yasuo Windrider,15332545,235*,Signature Overnumber,192,23,219,0.8767
2026-08-22,SFD-236 Darius Executioner,15332546,236*,Signature Overnumber,152,19,177,0.8588
2026-08-22,SFD-237 Karma Channeler,15332547,237*,Signature Overnumber,173,8,182,0.9505
2026-08-22,SFD-239 Soraka Wanderer,15332548,239*,Signature Overnumber,232,21,254,0.9134
2026-08-22,UNL-226 Jhin Virtuoso,15951352,226*,Signature Overnumber,31,4,35,0.8857
2026-08-22,UNL-227 Rengar Pridestalker,15951353,227*,Signature Overnumber,33,0,33,1.0
2026-08-22,UNL-228 Pyke Bloodharbor Ripper,15951354,228*,Signature Overnumber,54,4,59,0.9153
2026-08-22,UNL-229 Vi Piltover Enforcer,15951355,229*,Signature Overnumber,48,14,63,0.7619
2026-08-22,UNL-230 Lillia Bashful Bloom,15951356,230*,Signature Overnumber,28,3,32,0.875
2026-08-22,UNL-231 Master Yi Wuju Master,15951357,231*,Signature Overnumber,30,3,33,0.9091
2026-08-22,UNL-232 Vex Gloomist,15951358,232*,Signature Overnumber,30,1,32,0.9375
2026-08-22,UNL-233 Ivern Green Father,15951359,233*,Signature Overnumber,21,3,24,0.875
2026-08-22,UNL-234 Diana Scorn of the Moon,15951360,234*,Signature Overnumber,97,9,107,0.9065
2026-08-22,UNL-235 Leblanc Deceiver,15951361,235*,Signature Overnumber,49,11,60,0.8167
2026-08-22,UNL-236 Kha'Zix Voidreaver,15951362,236*,Signature Overnumber,21,0,21,1.0
2026-08-22,UNL-237 Poppy Keeper of the Hammer,15951363,237*,Signature Overnumber,35,0,35,1.0
2026-08-23,OGN-299 Kai'Sa Daughter of the Void,14804169,299*,Signature Overnumber,294,40,342,0.8596
2026-08-23,OGN-300 Volibear Relentless Storm,14804170,300*,Signature Overnumber,180,14,195,0.9231
2026-08-23,OGN-301 Jinx Loose Cannon,14804171,301*,Signature Overnumber,221,18,241,0.917
2026-08-23,OGN-302 Darius Hand of Noxus,14804172,302*,Signature Overnumber,181,34,223,0.8117
2026-08-23,OGN-303 Ahri Nine-Tailed Fox,14804173,303*,Signature Overnumber,355,38,398,0.892
2026-08-23,OGN-304 Lee Sin Blind Monk,14804174,304*,Signature Overnumber,217,45,264,0.822
2026-08-23,OGN-305 Yasuo Unforgiven,14804175,305*,Signature Overnumber,207,28,237,0.8734
2026-08-23,OGN-306 Leona Radiant Dawn,14804176,306*,Signature Overnumber,156,23,182,0.8571
2026-08-23,OGN-307 Teemo Swift Scout,14804177,307*,Signature Overnumber,225,43,271,0.8303
2026-08-23,OGN-308 Viktor Herald of the Arcane,14804178,308*,Signature Overnumber,193,19,213,0.9061
2026-08-23,OGN-309 Miss Fortune Bounty Hunter,14804179,309*,Signature Overnumber,225,36,265,0.8491
2026-08-23,OGN-310 Sett The Boss,14804180,310*,Signature Overnumber,169,26,196,0.8622
2026-08-23,SFD-223 Vayne Hunter,15332537,223*,Signature Overnumber,327,15,346,0.9451
2026-08-23,SFD-224 Aphelios Exalted,15332538,224*,Signature Overnumber,195,23,220,0.8864
2026-08-23,SFD-225 Irelia Fervent,15332539,225*,Signature Overnumber,266,32,302,0.8808
2026-08-23,SFD-227 Ahri Inquisitive,15332540,227*,Signature Overnumber,423,21,455,0.9297
2026-08-23,SFD-228 Bard Mercurial,15332541,228*,Signature Overnumber,160,7,169,0.9467
2026-08-23,SFD-230 Teemo Strategist,15332542,230*,Signature Overnumber,231,15,250,0.924
2026-08-23,SFD-232 Sett Brawler,15332543,232*,Signature Overnumber,157,22,183,0.8579
2026-08-23,SFD-233 Yone Blademaster,15332544,233*,Signature Overnumber,201,20,226,0.8894
2026-08-23,SFD-235 Yasuo Windrider,15332545,235*,Signature Overnumber,192,23,219,0.8767
2026-08-23,SFD-236 Darius Executioner,15332546,236*,Signature Overnumber,152,19,177,0.8588
2026-08-23,SFD-237 Karma Channeler,15332547,237*,Signature Overnumber,173,8,182,0.9505
2026-08-23,SFD-239 Soraka Wanderer,15332548,239*,Signature Overnumber,232,21,254,0.9134
2026-08-23,UNL-226 Jhin Virtuoso,15951352,226*,Signature Overnumber,31,4,35,0.8857
2026-08-23,UNL-227 Rengar Pridestalker,15951353,227*,Signature Overnumber,33,0,33,1.0
2026-08-23,UNL-228 Pyke Bloodharbor Ripper,15951354,228*,Signature Overnumber,54,4,59,0.9153
2026-08-23,UNL-229 Vi Piltover Enforcer,15951355,229*,Signature Overnumber,48,14,63,0.7619
2026-08-23,UNL-230 Lillia Bashful Bloom,15951356,230*,Signature Overnumber,28,3,32,0.875
2026-08-23,UNL-231 Master Yi Wuju Master,15951357,231*,Signature Overnumber,30,3,33,0.9091
2026-08-23,UNL-232 Vex Gloomist,15951358,232*,Signature Overnumber,30,1,32,0.9375
2026-08-23,UNL-233 Ivern Green Father,15951359,233*,Signature Overnumber,21,3,24,0.875
2026-08-23,UNL-234 Diana Scorn of the Moon,15951360,234*,Signature Overnumber,97,9,107,0.9065
2026-08-23,UNL-235 Leblanc Deceiver,15951361,235*,Signature Overnumber,49,11,60,0.8167
2026-08-23,UNL-236 Kha'Zix Voidreaver,15951362,236*,Signature Overnumber,21,0,21,1.0
2026-08-23,UNL-237 Poppy Keeper of the Hammer,15951363,237*,Signature Overnumber,35,0,35,1.0
2026-08-24,OGN-299 Kai'Sa Daughter of the Void,14804169,299*,Signature Overnumber,294,40,342,0.8596
2026-08-24,OGN-300 Volibear Relentless Storm,14804170,300*,Signature Overnumber,180,14,195,0.9231
2026-08-24,OGN-301 Jinx Loose Cannon,14804171,301*,Signature Overnumber,221,18,241,0.917
2026-08-24,OGN-302 Darius Hand of Noxus,14804172,302*,Signature Overnumber,181,34,223,0.8117
2026-08-24,OGN-303 Ahri Nine-Tailed Fox,14804173,303*,Signature Overnumber,355,38,398,0.892
2026-08-24,OGN-304 Lee Sin Blind Monk,14804174,304*,Signature Overnumber,217,45,264,0.822
2026-08-24,OGN-305 Yasuo Unforgiven,14804175,305*,Signature Overnumber,207,28,237,0.8734
2026-08-24,OGN-306 Leona Radiant Dawn,14804176,306*,Signature Overnumber,156,23,182,0.8571
2026-08-24,OGN-307 Teemo Swift Scout,14804177,307*,Signature Overnumber,225,43,271,0.8303
2026-08-24,OGN-308 Viktor Herald of the Arcane,14804178,308*,Signature Overnumber,193,19,213,0.9061
2026-08-24,OGN-309 Miss Fortune Bounty Hunter,14804179,309*,Signature Overnumber,225,36,265,0.8491
2026-08-24,OGN-310 Sett The Boss,14804180,310*,Signature Overnumber,169,26,196,0.8622
2026-08-24,SFD-223 Vayne Hunter,15332537,223*,Signature Overnumber,327,15,346,0.9451
2026-08-24,SFD-224 Aphelios Exalted,15332538,224*,Signature Overnumber,195,23,220,0.8864
2026-08-24,SFD-225 Irelia Fervent,15332539,225*,Signature Overnumber,266,32,302,0.8808
2026-08-24,SFD-227 Ahri Inquisitive,15332540,227*,Signature Overnumber,423,21,455,0.9297
2026-08-24,SFD-228 Bard Mercurial,15332541,228*,Signature Overnumber,160,7,169,0.9467
2026-08-24,SFD-230 Teemo Strategist,15332542,230*,Signature Overnumber,231,15,250,0.924
2026-08-24,SFD-232 Sett Brawler,15332543,232*,Signature Overnumber,157,22,183,0.8579
2026-08-24,SFD-233 Yone Blademaster,15332544,233*,Signature Overnumber,201,20,226,0.8894
2026-08-24,SFD-235 Yasuo Windrider,15332545,235*,Signature Overnumber,192,23,219,0.8767
2026-08-24,SFD-236 Darius Executioner,15332546,236*,Signature Overnumber,152,19,177,0.8588
2026-08-24,SFD-237 Karma Channeler,15332547,237*,Signature Overnumber,173,8,182,0.9505
2026-08-24,SFD-239 Soraka Wanderer,15332548,239*,Signature Overnumber,232,21,254,0.9134
2026-08-24,UNL-226 Jhin Virtuoso,15951352,226*,Signature Overnumber,31,4,35,0.8857
2026-08-24,UNL-227 Rengar Pridestalker,15951353,227*,Signature Overnumber,33,0,33,1.0
2026-08-24,UNL-228 Pyke Bloodharbor Ripper,15951354,228*,Signature Overnumber,54,4,59,0.9153
2026-08-24,UNL-229 Vi Piltover Enforcer,15951355,229*,Signature Overnumber,48,14,63,0.7619
2026-08-24,UNL-230 Lillia Bashful Bloom,15951356,230*,Signature Overnumber,28,3,32,0.875
2026-08-24,UNL-231 Master Yi Wuju Master,15951357,231*,Signature Overnumber,30,3,33,0.9091
2026-08-24,UNL-232 Vex Gloomist,15951358,232*,Signature Overnumber,30,1,32,0.9375
2026-08-24,UNL-233 Ivern Green Father,15951359,233*,Signature Overnumber,21,3,24,0.875
2026-08-24,UNL-234 Diana Scorn of the Moon,15951360,234*,Signature Overnumber,97,9,107,0.9065
2026-08-24,UNL-235 Leblanc Deceiver,15951361,235*,Signature Overnumber,49,11,60,0.8167
2026-08-24,UNL-236 Kha'Zix Voidreaver,15951362,236*,Signature Overnumber,21,0,21,1.0
2026-08-24,UNL-237 Poppy Keeper of the Hammer,15951363,237*,Signature Overnumber,35,0,35,1.0
2026-08-26,OGN-299 Kai'Sa Daughter of the Void,14804169,299*,Signature Overnumber,301,41,350,0.86
2026-08-26,OGN-300 Volibear Relentless Storm,14804170,300*,Signature Overnumber,181,14,196,0.9235
2026-08-26,OGN-301 Jinx Loose Cannon,14804171,301*,Signature Overnumber,229,19,250,0.916
2026-08-26,OGN-302 Darius Hand of Noxus,14804172,302*,Signature Overnumber,182,34,224,0.8125
2026-08-26,OGN-303 Ahri Nine-Tailed Fox,14804173,303*,Signature Overnumber,359,38,402,0.893
2026-08-26,OGN-304 Lee Sin Blind Monk,14804174,304*,Signature Overnumber,222,45,269,0.8253
2026-08-26,OGN-305 Yasuo Unforgiven,14804175,305*,Signature Overnumber,211,29,242,0.8719
2026-08-26,OGN-306 Leona Radiant Dawn,14804176,306*,Signature Overnumber,160,23,186,0.8602
2026-08-26,OGN-307 Teemo Swift Scout,14804177,307*,Signature Overnumber,229,43,275,0.8327
2026-08-26,OGN-308 Viktor Herald of the Arcane,14804178,308*,Signature Overnumber,194,20,215,0.9023
2026-08-26,OGN-309 Miss Fortune Bounty Hunter,14804179,309*,Signature Overnumber,229,37,270,0.8481
2026-08-26,OGN-310 Sett The Boss,14804180,310*,Signature Overnumber,175,27,203,0.8621
2026-08-26,SFD-223 Vayne Hunter,15332537,223*,Signature Overnumber,336,16,356,0.9438
2026-08-26,SFD-224 Aphelios Exalted,15332538,224*,Signature Overnumber,195,23,220,0.8864
2026-08-26,SFD-225 Irelia Fervent,15332539,225*,Signature Overnumber,272,32,309,0.8803
2026-08-26,SFD-227 Ahri Inquisitive,15332540,227*,Signature Overnumber,429,22,462,0.9286
2026-08-26,SFD-228 Bard Mercurial,15332541,228*,Signature Overnumber,162,7,171,0.9474
2026-08-26,SFD-230 Teemo Strategist,15332542,230*,Signature Overnumber,234,16,254,0.9213
2026-08-26,SFD-232 Sett Brawler,15332543,232*,Signature Overnumber,161,22,187,0.861
2026-08-26,SFD-233 Yone Blademaster,15332544,233*,Signature Overnumber,203,20,228,0.8904
2026-08-26,SFD-235 Yasuo Windrider,15332545,235*,Signature Overnumber,193,23,221,0.8733
2026-08-26,SFD-236 Darius Executioner,15332546,236*,Signature Overnumber,153,19,178,0.8596
2026-08-26,SFD-237 Karma Channeler,15332547,237*,Signature Overnumber,174,8,183,0.9508
2026-08-26,SFD-239 Soraka Wanderer,15332548,239*,Signature Overnumber,235,22,258,0.9109
2026-08-26,UNL-226 Jhin Virtuoso,15951352,226*,Signature Overnumber,34,4,38,0.8947
2026-08-26,UNL-227 Rengar Pridestalker,15951353,227*,Signature Overnumber,33,0,33,1.0
2026-08-26,UNL-228 Pyke Bloodharbor Ripper,15951354,228*,Signature Overnumber,57,4,62,0.9194
2026-08-26,UNL-229 Vi Piltover Enforcer,15951355,229*,Signature Overnumber,52,14,67,0.7761
2026-08-26,UNL-230 Lillia Bashful Bloom,15951356,230*,Signature Overnumber,34,3,38,0.8947
2026-08-26,UNL-231 Master Yi Wuju Master,15951357,231*,Signature Overnumber,31,5,36,0.8611
2026-08-26,UNL-232 Vex Gloomist,15951358,232*,Signature Overnumber,33,2,36,0.9167
2026-08-26,UNL-233 Ivern Green Father,15951359,233*,Signature Overnumber,24,3,27,0.8889
2026-08-26,UNL-234 Diana Scorn of the Moon,15951360,234*,Signature Overnumber,103,9,113,0.9115
2026-08-26,UNL-235 Leblanc Deceiver,15951361,235*,Signature Overnumber,58,12,70,0.8286
2026-08-26,UNL-236 Kha'Zix Voidreaver,15951362,236*,Signature Overnumber,22,0,22,1.0
2026-08-26,UNL-237 Poppy Keeper of the Hammer,15951363,237*,Signature Overnumber,37,2,39,0.9487
2026-08-27,OGN-299 Kai'Sa Daughter of the Void,14804169,299*,Signature Overnumber,307,43,358,0.8575
2026-08-27,OGN-300 Volibear Relentless Storm,14804170,300*,Signature Overnumber,185,14,200,0.925
2026-08-27,OGN-301 Jinx Loose Cannon,14804171,301*,Signature Overnumber,234,19,255,0.9176
2026-08-27,OGN-302 Darius Hand of Noxus,14804172,302*,Signature Overnumber,184,35,227,0.8106
2026-08-27,OGN-303 Ahri Nine-Tailed Fox,14804173,303*,Signature Overnumber,365,38,408,0.8946
2026-08-27,OGN-304 Lee Sin Blind Monk,14804174,304*,Signature Overnumber,227,46,275,0.8255
2026-08-27,OGN-305 Yasuo Unforgiven,14804175,305*,Signature Overnumber,212,29,243,0.8724
2026-08-27,OGN-306 Leona Radiant Dawn,14804176,306*,Signature Overnumber,161,23,187,0.861
2026-08-27,OGN-307 Teemo Swift Scout,14804177,307*,Signature Overnumber,233,43,279,0.8351
2026-08-27,OGN-308 Viktor Herald of the Arcane,14804178,308*,Signature Overnumber,194,21,216,0.8981
2026-08-27,OGN-309 Miss Fortune Bounty Hunter,14804179,309*,Signature Overnumber,234,37,275,0.8509
2026-08-27,OGN-310 Sett The Boss,14804180,310*,Signature Overnumber,180,27,208,0.8654
2026-08-27,SFD-223 Vayne Hunter,15332537,223*,Signature Overnumber,343,16,363,0.9449
2026-08-27,SFD-224 Aphelios Exalted,15332538,224*,Signature Overnumber,195,23,220,0.8864
2026-08-27,SFD-225 Irelia Fervent,15332539,225*,Signature Overnumber,278,32,316,0.8797
2026-08-27,SFD-227 Ahri Inquisitive,15332540,227*,Signature Overnumber,439,22,472,0.9301
2026-08-27,SFD-228 Bard Mercurial,15332541,228*,Signature Overnumber,163,7,172,0.9477
2026-08-27,SFD-230 Teemo Strategist,15332542,230*,Signature Overnumber,242,16,262,0.9237
2026-08-27,SFD-232 Sett Brawler,15332543,232*,Signature Overnumber,162,22,188,0.8617
2026-08-27,SFD-233 Yone Blademaster,15332544,233*,Signature Overnumber,203,20,228,0.8904
2026-08-27,SFD-235 Yasuo Windrider,15332545,235*,Signature Overnumber,195,23,223,0.8744
2026-08-27,SFD-236 Darius Executioner,15332546,236*,Signature Overnumber,153,19,178,0.8596
2026-08-27,SFD-237 Karma Channeler,15332547,237*,Signature Overnumber,176,8,185,0.9514
2026-08-27,SFD-239 Soraka Wanderer,15332548,239*,Signature Overnumber,236,22,259,0.9112
2026-08-27,UNL-226 Jhin Virtuoso,15951352,226*,Signature Overnumber,36,4,40,0.9
2026-08-27,UNL-227 Rengar Pridestalker,15951353,227*,Signature Overnumber,36,1,37,0.973
2026-08-27,UNL-228 Pyke Bloodharbor Ripper,15951354,228*,Signature Overnumber,57,4,62,0.9194
2026-08-27,UNL-229 Vi Piltover Enforcer,15951355,229*,Signature Overnumber,57,14,72,0.7917
2026-08-27,UNL-230 Lillia Bashful Bloom,15951356,230*,Signature Overnumber,35,3,39,0.8974
2026-08-27,UNL-231 Master Yi Wuju Master,15951357,231*,Signature Overnumber,32,5,37,0.8649
2026-08-27,UNL-232 Vex Gloomist,15951358,232*,Signature Overnumber,33,2,36,0.9167
2026-08-27,UNL-233 Ivern Green Father,15951359,233*,Signature Overnumber,25,3,28,0.8929
2026-08-27,UNL-234 Diana Scorn of the Moon,15951360,234*,Signature Overnumber,113,10,124,0.9113
2026-08-27,UNL-235 Leblanc Deceiver,15951361,235*,Signature Overnumber,62,12,74,0.8378
2026-08-27,UNL-236 Kha'Zix Voidreaver,15951362,236*,Signature Overnumber,22,0,22,1.0
2026-08-27,UNL-237 Poppy Keeper of the Hammer,15951363,237*,Signature Overnumber,38,2,40,0.95
2026-08-28,OGN-299 Kai'Sa Daughter of the Void,14804169,299*,Signature Overnumber,310,44,362,0.8564
2026-08-28,OGN-300 Volibear Relentless Storm,14804170,300*,Signature Overnumber,186,15,202,0.9208
2026-08-28,OGN-301 Jinx Loose Cannon,14804171,301*,Signature Overnumber,242,19,263,0.9202
2026-08-28,OGN-302 Darius Hand of Noxus,14804172,302*,Signature Overnumber,187,35,230,0.813
2026-08-28,OGN-303 Ahri Nine-Tailed Fox,14804173,303*,Signature Overnumber,369,38,412,0.8956
2026-08-28,OGN-304 Lee Sin Blind Monk,14804174,304*,Signature Overnumber,229,47,278,0.8237
2026-08-28,OGN-305 Yasuo Unforgiven,14804175,305*,Signature Overnumber,214,30,246,0.8699
2026-08-28,OGN-306 Leona Radiant Dawn,14804176,306*,Signature Overnumber,163,23,189,0.8624
2026-08-28,OGN-307 Teemo Swift Scout,14804177,307*,Signature Overnumber,235,44,282,0.8333
2026-08-28,OGN-308 Viktor Herald of the Arcane,14804178,308*,Signature Overnumber,197,21,219,0.8995
2026-08-28,OGN-309 Miss Fortune Bounty Hunter,14804179,309*,Signature Overnumber,237,37,278,0.8525
2026-08-28,OGN-310 Sett The Boss,14804180,310*,Signature Overnumber,182,28,211,0.8626
2026-08-28,SFD-223 Vayne Hunter,15332537,223*,Signature Overnumber,348,16,368,0.9457
2026-08-28,SFD-224 Aphelios Exalted,15332538,224*,Signature Overnumber,196,23,221,0.8869
2026-08-28,SFD-225 Irelia Fervent,15332539,225*,Signature Overnumber,282,32,320,0.8812
2026-08-28,SFD-227 Ahri Inquisitive,15332540,227*,Signature Overnumber,443,22,476,0.9307
2026-08-28,SFD-228 Bard Mercurial,15332541,228*,Signature Overnumber,164,7,173,0.948
2026-08-28,SFD-230 Teemo Strategist,15332542,230*,Signature Overnumber,243,16,263,0.924
2026-08-28,SFD-232 Sett Brawler,15332543,232*,Signature Overnumber,163,22,189,0.8624
2026-08-28,SFD-233 Yone Blademaster,15332544,233*,Signature Overnumber,205,20,230,0.8913
2026-08-28,SFD-235 Yasuo Windrider,15332545,235*,Signature Overnumber,199,24,228,0.8728
2026-08-28,SFD-236 Darius Executioner,15332546,236*,Signature Overnumber,153,19,178,0.8596
2026-08-28,SFD-237 Karma Channeler,15332547,237*,Signature Overnumber,178,8,187,0.9519
2026-08-28,SFD-239 Soraka Wanderer,15332548,239*,Signature Overnumber,237,22,260,0.9115
2026-08-28,UNL-226 Jhin Virtuoso,15951352,226*,Signature Overnumber,38,4,42,0.9048
2026-08-28,UNL-227 Rengar Pridestalker,15951353,227*,Signature Overnumber,37,1,38,0.9737
2026-08-28,UNL-228 Pyke Bloodharbor Ripper,15951354,228*,Signature Overnumber,58,4,63,0.9206
2026-08-28,UNL-229 Vi Piltover Enforcer,15951355,229*,Signature Overnumber,57,14,72,0.7917
2026-08-28,UNL-230 Lillia Bashful Bloom,15951356,230*,Signature Overnumber,37,3,41,0.9024
2026-08-28,UNL-231 Master Yi Wuju Master,15951357,231*,Signature Overnumber,33,5,38,0.8684
2026-08-28,UNL-232 Vex Gloomist,15951358,232*,Signature Overnumber,35,2,38,0.9211
2026-08-28,UNL-233 Ivern Green Father,15951359,233*,Signature Overnumber,25,3,28,0.8929
2026-08-28,UNL-234 Diana Scorn of the Moon,15951360,234*,Signature Overnumber,117,10,128,0.9141
2026-08-28,UNL-235 Leblanc Deceiver,15951361,235*,Signature Overnumber,65,12,77,0.8442
2026-08-28,UNL-236 Kha'Zix Voidreaver,15951362,236*,Signature Overnumber,22,0,22,1.0
2026-08-28,UNL-237 Poppy Keeper of the Hammer,15951363,237*,Signature Overnumber,38,2,40,0.95
2026-08-29,OGN-299 Kai'Sa Daughter of the Void,14804169,299*,Signature Overnumber,316,44,369,0.8564
2026-08-29,OGN-300 Volibear Relentless Storm,14804170,300*,Signature Overnumber,187,15,203,0.9212
2026-08-29,OGN-301 Jinx Loose Cannon,14804171,301*,Signature Overnumber,246,19,268,0.9179
2026-08-29,OGN-302 Darius Hand of Noxus,14804172,302*,Signature Overnumber,190,35,233,0.8155
2026-08-29,OGN-303 Ahri Nine-Tailed Fox,14804173,303*,Signature Overnumber,373,39,417,0.8945
2026-08-29,OGN-304 Lee Sin Blind Monk,14804174,304*,Signature Overnumber,232,51,285,0.814
2026-08-29,OGN-305 Yasuo Unforgiven,14804175,305*,Signature Overnumber,216,30,248,0.871
2026-08-29,OGN-306 Leona Radiant Dawn,14804176,306*,Signature Overnumber,167,23,193,0.8653
2026-08-29,OGN-307 Teemo Swift Scout,14804177,307*,Signature Overnumber,239,44,286,0.8357
2026-08-29,OGN-308 Viktor Herald of the Arcane,14804178,308*,Signature Overnumber,199,21,221,0.9005
2026-08-29,OGN-309 Miss Fortune Bounty Hunter,14804179,309*,Signature Overnumber,246,37,287,0.8571
2026-08-29,OGN-310 Sett The Boss,14804180,310*,Signature Overnumber,184,28,213,0.8638
2026-08-29,SFD-223 Vayne Hunter,15332537,223*,Signature Overnumber,354,16,374,0.9465
2026-08-29,SFD-224 Aphelios Exalted,15332538,224*,Signature Overnumber,198,23,223,0.8879
2026-08-29,SFD-225 Irelia Fervent,15332539,225*,Signature Overnumber,291,32,329,0.8845
2026-08-29,SFD-227 Ahri Inquisitive,15332540,227*,Signature Overnumber,446,22,479,0.9311
2026-08-29,SFD-228 Bard Mercurial,15332541,228*,Signature Overnumber,165,7,174,0.9483
2026-08-29,SFD-230 Teemo Strategist,15332542,230*,Signature Overnumber,251,17,272,0.9228
2026-08-29,SFD-232 Sett Brawler,15332543,232*,Signature Overnumber,167,22,193,0.8653
2026-08-29,SFD-233 Yone Blademaster,15332544,233*,Signature Overnumber,206,20,231,0.8918
2026-08-29,SFD-235 Yasuo Windrider,15332545,235*,Signature Overnumber,206,24,235,0.8766
2026-08-29,SFD-236 Darius Executioner,15332546,236*,Signature Overnumber,154,19,179,0.8603
2026-08-29,SFD-237 Karma Channeler,15332547,237*,Signature Overnumber,179,8,188,0.9521
2026-08-29,SFD-239 Soraka Wanderer,15332548,239*,Signature Overnumber,239,22,262,0.9122
2026-08-29,UNL-226 Jhin Virtuoso,15951352,226*,Signature Overnumber,39,4,43,0.907
2026-08-29,UNL-227 Rengar Pridestalker,15951353,227*,Signature Overnumber,38,1,39,0.9744
2026-08-29,UNL-228 Pyke Bloodharbor Ripper,15951354,228*,Signature Overnumber,59,4,64,0.9219
2026-08-29,UNL-229 Vi Piltover Enforcer,15951355,229*,Signature Overnumber,61,15,77,0.7922
2026-08-29,UNL-230 Lillia Bashful Bloom,15951356,230*,Signature Overnumber,37,3,41,0.9024
2026-08-29,UNL-231 Master Yi Wuju Master,15951357,231*,Signature Overnumber,34,5,39,0.8718
2026-08-29,UNL-232 Vex Gloomist,15951358,232*,Signature Overnumber,39,2,42,0.9286
2026-08-29,UNL-233 Ivern Green Father,15951359,233*,Signature Overnumber,26,3,29,0.8966
2026-08-29,UNL-234 Diana Scorn of the Moon,15951360,234*,Signature Overnumber,122,11,135,0.9037
2026-08-29,UNL-235 Leblanc Deceiver,15951361,235*,Signature Overnumber,69,13,82,0.8415
2026-08-29,UNL-236 Kha'Zix Voidreaver,15951362,236*,Signature Overnumber,24,1,25,0.96
2026-08-29,UNL-237 Poppy Keeper of the Hammer,15951363,237*,Signature Overnumber,39,2,41,0.9512
2026-08-30,OGN-299 Kai'Sa Daughter of the Void,14804169,299*,Signature Overnumber,317,44,370,0.8568
2026-08-30,OGN-300 Volibear Relentless Storm,14804170,300*,Signature Overnumber,187,15,203,0.9212
2026-08-30,OGN-301 Jinx Loose Cannon,14804171,301*,Signature Overnumber,246,19,268,0.9179
2026-08-30,OGN-302 Darius Hand of Noxus,14804172,302*,Signature Overnumber,190,35,233,0.8155
2026-08-30,OGN-303 Ahri Nine-Tailed Fox,14804173,303*,Signature Overnumber,374,39,418,0.8947
2026-08-30,OGN-304 Lee Sin Blind Monk,14804174,304*,Signature Overnumber,233,51,286,0.8147
2026-08-30,OGN-305 Yasuo Unforgiven,14804175,305*,Signature Overnumber,217,30,249,0.8715
2026-08-30,OGN-306 Leona Radiant Dawn,14804176,306*,Signature Overnumber,167,23,193,0.8653
2026-08-30,OGN-307 Teemo Swift Scout,14804177,307*,Signature Overnumber,239,44,286,0.8357
2026-08-30,OGN-308 Viktor Herald of the Arcane,14804178,308*,Signature Overnumber,199,21,221,0.9005
2026-08-30,OGN-309 Miss Fortune Bounty Hunter,14804179,309*,Signature Overnumber,246,37,287,0.8571
2026-08-30,OGN-310 Sett The Boss,14804180,310*,Signature Overnumber,184,28,213,0.8638
2026-08-30,SFD-223 Vayne Hunter,15332537,223*,Signature Overnumber,354,16,374,0.9465
2026-08-30,SFD-224 Aphelios Exalted,15332538,224*,Signature Overnumber,198,23,223,0.8879
2026-08-30,SFD-225 Irelia Fervent,15332539,225*,Signature Overnumber,292,32,330,0.8848
2026-08-30,SFD-227 Ahri Inquisitive,15332540,227*,Signature Overnumber,448,22,481,0.9314
2026-08-30,SFD-228 Bard Mercurial,15332541,228*,Signature Overnumber,165,7,174,0.9483
2026-08-30,SFD-230 Teemo Strategist,15332542,230*,Signature Overnumber,252,17,273,0.9231
2026-08-30,SFD-232 Sett Brawler,15332543,232*,Signature Overnumber,167,22,193,0.8653
2026-08-30,SFD-233 Yone Blademaster,15332544,233*,Signature Overnumber,206,20,231,0.8918
2026-08-30,SFD-235 Yasuo Windrider,15332545,235*,Signature Overnumber,207,24,236,0.8771
2026-08-30,SFD-236 Darius Executioner,15332546,236*,Signature Overnumber,154,20,180,0.8556
2026-08-30,SFD-237 Karma Channeler,15332547,237*,Signature Overnumber,179,8,188,0.9521
2026-08-30,SFD-239 Soraka Wanderer,15332548,239*,Signature Overnumber,239,22,262,0.9122
2026-08-30,UNL-226 Jhin Virtuoso,15951352,226*,Signature Overnumber,39,4,43,0.907
2026-08-30,UNL-227 Rengar Pridestalker,15951353,227*,Signature Overnumber,38,1,39,0.9744
2026-08-30,UNL-228 Pyke Bloodharbor Ripper,15951354,228*,Signature Overnumber,60,4,65,0.9231
2026-08-30,UNL-229 Vi Piltover Enforcer,15951355,229*,Signature Overnumber,61,15,77,0.7922
2026-08-30,UNL-230 Lillia Bashful Bloom,15951356,230*,Signature Overnumber,37,3,41,0.9024
2026-08-30,UNL-231 Master Yi Wuju Master,15951357,231*,Signature Overnumber,34,5,39,0.8718
2026-08-30,UNL-232 Vex Gloomist,15951358,232*,Signature Overnumber,39,2,42,0.9286
2026-08-30,UNL-233 Ivern Green Father,15951359,233*,Signature Overnumber,26,3,29,0.8966
2026-08-30,UNL-234 Diana Scorn of the Moon,15951360,234*,Signature Overnumber,122,11,135,0.9037
2026-08-30,UNL-235 Leblanc Deceiver,15951361,235*,Signature Overnumber,69,13,82,0.8415
2026-08-30,UNL-236 Kha'Zix Voidreaver,15951362,236*,Signature Overnumber,24,1,25,0.96
2026-08-30,UNL-237 Poppy Keeper of the Hammer,15951363,237*,Signature Overnumber,39,2,41,0.9512
2026-08-31,OGN-299 Kai'Sa Daughter of the Void,14804169,299*,Signature Overnumber,317,44,370,0.8568
2026-08-31,OGN-300 Volibear Relentless Storm,14804170,300*,Signature Overnumber,188,15,204,0.9216
2026-08-31,OGN-301 Jinx Loose Cannon,14804171,301*,Signature Overnumber,246,19,268,0.9179
2026-08-31,OGN-302 Darius Hand of Noxus,14804172,302*,Signature Overnumber,190,35,233,0.8155
2026-08-31,OGN-303 Ahri Nine-Tailed Fox,14804173,303*,Signature Overnumber,375,39,419,0.895
2026-08-31,OGN-304 Lee Sin Blind Monk,14804174,304*,Signature Overnumber,233,51,286,0.8147
2026-08-31,OGN-305 Yasuo Unforgiven,14804175,305*,Signature Overnumber,217,30,249,0.8715
2026-08-31,OGN-306 Leona Radiant Dawn,14804176,306*,Signature Overnumber,167,23,193,0.8653
2026-08-31,OGN-307 Teemo Swift Scout,14804177,307*,Signature Overnumber,239,44,286,0.8357
2026-08-31,OGN-308 Viktor Herald of the Arcane,14804178,308*,Signature Overnumber,199,21,221,0.9005
2026-08-31,OGN-309 Miss Fortune Bounty Hunter,14804179,309*,Signature Overnumber,246,37,287,0.8571
2026-08-31,OGN-310 Sett The Boss,14804180,310*,Signature Overnumber,184,28,213,0.8638
2026-08-31,SFD-223 Vayne Hunter,15332537,223*,Signature Overnumber,355,16,375,0.9467
2026-08-31,SFD-224 Aphelios Exalted,15332538,224*,Signature Overnumber,198,23,223,0.8879
2026-08-31,SFD-225 Irelia Fervent,15332539,225*,Signature Overnumber,292,32,330,0.8848
2026-08-31,SFD-227 Ahri Inquisitive,15332540,227*,Signature Overnumber,448,22,481,0.9314
2026-08-31,SFD-228 Bard Mercurial,15332541,228*,Signature Overnumber,165,7,174,0.9483
2026-08-31,SFD-230 Teemo Strategist,15332542,230*,Signature Overnumber,252,17,273,0.9231
2026-08-31,SFD-232 Sett Brawler,15332543,232*,Signature Overnumber,167,22,193,0.8653
2026-08-31,SFD-233 Yone Blademaster,15332544,233*,Signature Overnumber,207,20,232,0.8922
2026-08-31,SFD-235 Yasuo Windrider,15332545,235*,Signature Overnumber,207,24,236,0.8771
2026-08-31,SFD-236 Darius Executioner,15332546,236*,Signature Overnumber,154,20,180,0.8556
2026-08-31,SFD-237 Karma Channeler,15332547,237*,Signature Overnumber,179,8,188,0.9521
2026-08-31,SFD-239 Soraka Wanderer,15332548,239*,Signature Overnumber,239,22,262,0.9122
2026-08-31,UNL-226 Jhin Virtuoso,15951352,226*,Signature Overnumber,39,4,43,0.907
2026-08-31,UNL-227 Rengar Pridestalker,15951353,227*,Signature Overnumber,38,1,39,0.9744
2026-08-31,UNL-228 Pyke Bloodharbor Ripper,15951354,228*,Signature Overnumber,60,4,65,0.9231
2026-08-31,UNL-229 Vi Piltover Enforcer,15951355,229*,Signature Overnumber,61,15,77,0.7922
2026-08-31,UNL-230 Lillia Bashful Bloom,15951356,230*,Signature Overnumber,37,3,41,0.9024
2026-08-31,UNL-231 Master Yi Wuju Master,15951357,231*,Signature Overnumber,34,5,39,0.8718
2026-08-31,UNL-232 Vex Gloomist,15951358,232*,Signature Overnumber,39,2,42,0.9286
2026-08-31,UNL-233 Ivern Green Father,15951359,233*,Signature Overnumber,26,3,29,0.8966
2026-08-31,UNL-234 Diana Scorn of the Moon,15951360,234*,Signature Overnumber,122,11,135,0.9037
2026-08-31,UNL-235 Leblanc Deceiver,15951361,235*,Signature Overnumber,69,13,82,0.8415
2026-08-31,UNL-236 Kha'Zix Voidreaver,15951362,236*,Signature Overnumber,24,1,25,0.96
2026-08-31,UNL-237 Poppy Keeper of the Hammer,15951363,237*,Signature Overnumber,39,2,41,0.9512
2026-09-02,OGN-299 Kai'Sa Daughter of the Void,14804169,299*,Signature Overnumber,326,47,383,0.8512
2026-09-02,OGN-300 Volibear Relentless Storm,14804170,300*,Signature Overnumber,193,15,209,0.9234
2026-09-02,OGN-301 Jinx Loose Cannon,14804171,301*,Signature Overnumber,251,19,273,0.9194
2026-09-02,OGN-302 Darius Hand of Noxus,14804172,302*,Signature Overnumber,190,36,234,0.812
2026-09-02,OGN-303 Ahri Nine-Tailed Fox,14804173,303*,Signature Overnumber,383,41,429,0.8928
2026-09-02,OGN-304 Lee Sin Blind Monk,14804174,304*,Signature Overnumber,241,55,298,0.8087
2026-09-02,OGN-305 Yasuo Unforgiven,14804175,305*,Signature Overnumber,221,30,253,0.8735
2026-09-02,OGN-306 Leona Radiant Dawn,14804176,306*,Signature Overnumber,169,25,197,0.8579
2026-09-02,OGN-307 Teemo Swift Scout,14804177,307*,Signature Overnumber,247,44,295,0.8373
2026-09-02,OGN-308 Viktor Herald of the Arcane,14804178,308*,Signature Overnumber,202,21,224,0.9018
2026-09-02,OGN-309 Miss Fortune Bounty Hunter,14804179,309*,Signature Overnumber,251,39,294,0.8537
2026-09-02,OGN-310 Sett The Boss,14804180,310*,Signature Overnumber,187,28,216,0.8657
2026-09-02,SFD-223 Vayne Hunter,15332537,223*,Signature Overnumber,378,17,399,0.9474
2026-09-02,SFD-224 Aphelios Exalted,15332538,224*,Signature Overnumber,200,23,225,0.8889
2026-09-02,SFD-225 Irelia Fervent,15332539,225*,Signature Overnumber,299,34,339,0.882
2026-09-02,SFD-227 Ahri Inquisitive,15332540,227*,Signature Overnumber,456,23,490,0.9306
2026-09-02,SFD-228 Bard Mercurial,15332541,228*,Signature Overnumber,170,7,179,0.9497
2026-09-02,SFD-230 Teemo Strategist,15332542,230*,Signature Overnumber,257,17,278,0.9245
2026-09-02,SFD-232 Sett Brawler,15332543,232*,Signature Overnumber,171,22,197,0.868
2026-09-02,SFD-233 Yone Blademaster,15332544,233*,Signature Overnumber,218,20,243,0.8971
2026-09-02,SFD-235 Yasuo Windrider,15332545,235*,Signature Overnumber,209,25,239,0.8745
2026-09-02,SFD-236 Darius Executioner,15332546,236*,Signature Overnumber,159,22,187,0.8503
2026-09-02,SFD-237 Karma Channeler,15332547,237*,Signature Overnumber,180,8,189,0.9524
2026-09-02,SFD-239 Soraka Wanderer,15332548,239*,Signature Overnumber,247,23,271,0.9114
2026-09-02,UNL-226 Jhin Virtuoso,15951352,226*,Signature Overnumber,43,5,48,0.8958
2026-09-02,UNL-227 Rengar Pridestalker,15951353,227*,Signature Overnumber,39,2,42,0.9286
2026-09-02,UNL-228 Pyke Bloodharbor Ripper,15951354,228*,Signature Overnumber,64,4,69,0.9275
2026-09-02,UNL-229 Vi Piltover Enforcer,15951355,229*,Signature Overnumber,64,15,80,0.8
2026-09-02,UNL-230 Lillia Bashful Bloom,15951356,230*,Signature Overnumber,39,3,43,0.907
2026-09-02,UNL-231 Master Yi Wuju Master,15951357,231*,Signature Overnumber,40,7,48,0.8333
2026-09-02,UNL-232 Vex Gloomist,15951358,232*,Signature Overnumber,47,4,53,0.8868
2026-09-02,UNL-233 Ivern Green Father,15951359,233*,Signature Overnumber,27,3,30,0.9
2026-09-02,UNL-234 Diana Scorn of the Moon,15951360,234*,Signature Overnumber,137,14,153,0.8954
2026-09-02,UNL-235 Leblanc Deceiver,15951361,235*,Signature Overnumber,81,13,95,0.8526
2026-09-02,UNL-236 Kha'Zix Voidreaver,15951362,236*,Signature Overnumber,25,1,26,0.9615
2026-09-02,UNL-237 Poppy Keeper of the Hammer,15951363,237*,Signature Overnumber,41,2,43,0.9535
2026-09-04,OGN-299 Kai'Sa Daughter of the Void,14804169,299*,Signature Overnumber,332,47,390,0.8513
2026-09-04,OGN-300 Volibear Relentless Storm,14804170,300*,Signature Overnumber,195,15,211,0.9242
2026-09-04,OGN-301 Jinx Loose Cannon,14804171,301*,Signature Overnumber,254,20,277,0.917
2026-09-04,OGN-302 Darius Hand of Noxus,14804172,302*,Signature Overnumber,193,36,237,0.8143
2026-09-04,OGN-303 Ahri Nine-Tailed Fox,14804173,303*,Signature Overnumber,387,41,434,0.8917
2026-09-04,OGN-304 Lee Sin Blind Monk,14804174,304*,Signature Overnumber,242,56,300,0.8067
2026-09-04,OGN-305 Yasuo Unforgiven,14804175,305*,Signature Overnumber,227,30,259,0.8764
2026-09-04,OGN-306 Leona Radiant Dawn,14804176,306*,Signature Overnumber,180,25,208,0.8654
2026-09-04,OGN-307 Teemo Swift Scout,14804177,307*,Signature Overnumber,248,44,296,0.8378
2026-09-04,OGN-308 Viktor Herald of the Arcane,14804178,308*,Signature Overnumber,205,22,228,0.8991
2026-09-04,OGN-309 Miss Fortune Bounty Hunter,14804179,309*,Signature Overnumber,256,40,300,0.8533
2026-09-04,OGN-310 Sett The Boss,14804180,310*,Signature Overnumber,190,28,219,0.8676
2026-09-04,SFD-223 Vayne Hunter,15332537,223*,Signature Overnumber,387,17,408,0.9485
2026-09-04,SFD-224 Aphelios Exalted,15332538,224*,Signature Overnumber,205,24,231,0.8874
2026-09-04,SFD-225 Irelia Fervent,15332539,225*,Signature Overnumber,303,34,343,0.8834
2026-09-04,SFD-227 Ahri Inquisitive,15332540,227*,Signature Overnumber,463,24,498,0.9297
2026-09-04,SFD-228 Bard Mercurial,15332541,228*,Signature Overnumber,173,7,182,0.9505
2026-09-04,SFD-230 Teemo Strategist,15332542,230*,Signature Overnumber,264,17,285,0.9263
2026-09-04,SFD-232 Sett Brawler,15332543,232*,Signature Overnumber,173,22,199,0.8693
2026-09-04,SFD-233 Yone Blademaster,15332544,233*,Signature Overnumber,225,20,250,0.9
2026-09-04,SFD-235 Yasuo Windrider,15332545,235*,Signature Overnumber,211,27,243,0.8683
2026-09-04,SFD-236 Darius Executioner,15332546,236*,Signature Overnumber,163,22,191,0.8534
2026-09-04,SFD-237 Karma Channeler,15332547,237*,Signature Overnumber,183,8,192,0.9531
2026-09-04,SFD-239 Soraka Wanderer,15332548,239*,Signature Overnumber,254,23,278,0.9137
2026-09-04,UNL-226 Jhin Virtuoso,15951352,226*,Signature Overnumber,52,5,57,0.9123
2026-09-04,UNL-227 Rengar Pridestalker,15951353,227*,Signature Overnumber,41,2,44,0.9318
2026-09-04,UNL-228 Pyke Bloodharbor Ripper,15951354,228*,Signature Overnumber,68,4,73,0.9315
2026-09-04,UNL-229 Vi Piltover Enforcer,15951355,229*,Signature Overnumber,69,15,85,0.8118
2026-09-04,UNL-230 Lillia Bashful Bloom,15951356,230*,Signature Overnumber,45,3,49,0.9184
2026-09-04,UNL-231 Master Yi Wuju Master,15951357,231*,Signature Overnumber,54,7,62,0.871
2026-09-04,UNL-232 Vex Gloomist,15951358,232*,Signature Overnumber,57,4,63,0.9048
2026-09-04,UNL-233 Ivern Green Father,15951359,233*,Signature Overnumber,30,3,33,0.9091
2026-09-04,UNL-234 Diana Scorn of the Moon,15951360,234*,Signature Overnumber,148,14,164,0.9024
2026-09-04,UNL-235 Leblanc Deceiver,15951361,235*,Signature Overnumber,92,14,107,0.8598
2026-09-04,UNL-236 Kha'Zix Voidreaver,15951362,236*,Signature Overnumber,26,1,27,0.963
2026-09-04,UNL-237 Poppy Keeper of the Hammer,15951363,237*,Signature Overnumber,44,2,46,0.9565
